2026-03-02 10:31:06,826 - prohibited_zones - INFO - Начало генерации запретных зон (макс: 10)
2026-03-02 10:31:06,827 - prohibited_zones - INFO - Загрузка данных границ из C:\Users\RichelieuGVG\Desktop\diploma\flightplanner\prohibited_zones\state_border.json...
2026-03-02 10:31:06,853 - prohibited_zones - INFO - Граница загружена (214 колец)
2026-03-02 10:31:06,853 - prohibited_zones - INFO - Генерация зон с проверкой близости к аэропортам...
2026-03-02 10:31:08,003 - prohibited_zones - INFO - Сгенерировано зон: 2/10
2026-03-02 10:31:11,078 - prohibited_zones - INFO - Сгенерировано зон: 4/10
2026-03-02 10:31:12,780 - prohibited_zones - INFO - Сгенерировано зон: 6/10
2026-03-02 10:31:18,503 - prohibited_zones - INFO - Сгенерировано зон: 8/10
2026-03-02 10:31:53,585 - prohibited_zones - INFO - Сгенерировано зон: 10/10
2026-03-02 10:31:53,586 - prohibited_zones - INFO - Успешно сгенерировано 10 зон за 227 попыток
2026-03-02 10:31:53,588 - prohibited_zones - INFO - Генерация завершена за 46.76 сек. Результат сохранен в C:\Users\RichelieuGVG\Desktop\diploma\flightplanner\prohibited_zones\prohibited_zones.json
2026-03-02 10:32:02,895 - plane_simulation - INFO - Начало симуляции для самолета №1
2026-03-02 10:32:02,895 - plane_simulation - INFO - Загрузка waypoints из C:\Users\RichelieuGVG\Desktop\diploma\flightplanner\russia_waypoints.json...
2026-03-02 10:32:02,899 - plane_simulation - INFO - Успешно загружено 1865 точек
2026-03-02 10:32:02,899 - plane_simulation - INFO - Маршрут: Knevichi -> Kazan (Ортодромия: 5764 км)
2026-03-02 10:32:02,918 - plane_simulation - INFO - Waypoints в коридоре ±800 км: 852 из 1865
2026-03-02 10:32:02,922 - plane_simulation - INFO - Точка старта: DIKUT, Точка финиша: RITOP
2026-03-02 10:32:02,922 - plane_simulation - INFO - Построение графа (k=8, 852 узлов)...
2026-03-02 10:32:04,606 - plane_simulation - INFO - Поиск кратчайшего пути (A*)...
2026-03-02 10:32:04,622 - plane_simulation - INFO - Найден путь из 51 waypoints
2026-03-02 10:32:04,623 - plane_simulation - INFO - Макс. отклонение от ортодромии: 795 км
2026-03-02 10:32:04,625 - plane_simulation - INFO - Симуляция самолета №1 завершена за 1.73 сек. Результат сохранен в C:\Users\RichelieuGVG\Desktop\diploma\flightplanner\plane_simulation\simulation_result.json
2026-03-02 10:32:04,626 - plane_simulation - INFO - Начало симуляции для самолета №2
2026-03-02 10:32:04,626 - plane_simulation - INFO - Загрузка waypoints из C:\Users\RichelieuGVG\Desktop\diploma\flightplanner\russia_waypoints.json...
2026-03-02 10:32:04,629 - plane_simulation - INFO - Успешно загружено 1865 точек
2026-03-02 10:32:04,629 - plane_simulation - INFO - Маршрут: Sheremetyevo -> Knevichi (Ортодромия: 6404 км)
2026-03-02 10:32:04,647 - plane_simulation - INFO - Waypoints в коридоре ±800 км: 1173 из 1865
2026-03-02 10:32:04,653 - plane_simulation - INFO - Точка старта: R1862, Точка финиша: DIKUT
2026-03-02 10:32:04,653 - plane_simulation - INFO - Построение графа (k=8, 1173 узлов)...
2026-03-02 10:32:07,792 - plane_simulation - INFO - Поиск кратчайшего пути (A*)...
2026-03-02 10:32:07,820 - plane_simulation - INFO - Найден путь из 56 waypoints
2026-03-02 10:32:07,820 - plane_simulation - INFO - Макс. отклонение от ортодромии: 795 км
2026-03-02 10:32:07,823 - plane_simulation - INFO - Симуляция самолета №2 завершена за 3.20 сек. Результат сохранен в C:\Users\RichelieuGVG\Desktop\diploma\flightplanner\plane_simulation\simulation_result.json
2026-03-02 10:32:07,824 - plane_simulation - INFO - Начало симуляции для самолета №3
2026-03-02 10:32:07,824 - plane_simulation - INFO - Загрузка waypoints из C:\Users\RichelieuGVG\Desktop\diploma\flightplanner\russia_waypoints.json...
2026-03-02 10:32:07,826 - plane_simulation - INFO - Успешно загружено 1865 точек
2026-03-02 10:32:07,826 - plane_simulation - INFO - Маршрут: Yelizovo -> Novy (Ортодромия: 1704 км)
2026-03-02 10:32:07,838 - plane_simulation - INFO - Waypoints в коридоре ±800 км: 209 из 1865
2026-03-02 10:32:07,839 - plane_simulation - INFO - Точка старта: PETIN, Точка финиша: MR01
2026-03-02 10:32:07,839 - plane_simulation - INFO - Построение графа (k=8, 209 узлов)...
2026-03-02 10:32:07,933 - plane_simulation - INFO - Поиск кратчайшего пути (A*)...
2026-03-02 10:32:07,936 - plane_simulation - INFO - Найден путь из 14 waypoints
2026-03-02 10:32:07,936 - plane_simulation - INFO - Макс. отклонение от ортодромии: 202 км
2026-03-02 10:32:07,937 - plane_simulation - INFO - Симуляция самолета №3 завершена за 0.11 сек. Результат сохранен в C:\Users\RichelieuGVG\Desktop\diploma\flightplanner\plane_simulation\simulation_result.json
2026-03-02 10:32:07,938 - plane_simulation - INFO - Начало симуляции для самолета №4
2026-03-02 10:32:07,938 - plane_simulation - INFO - Загрузка waypoints из C:\Users\RichelieuGVG\Desktop\diploma\flightplanner\russia_waypoints.json...
2026-03-02 10:32:07,941 - plane_simulation - INFO - Успешно загружено 1865 точек
2026-03-02 10:32:07,941 - plane_simulation - INFO - Маршрут: Tolmachevo -> Pulkovo (Ортодромия: 3098 км)
2026-03-02 10:32:07,957 - plane_simulation - INFO - Waypoints в коридоре ±800 км: 804 из 1865
2026-03-02 10:32:07,960 - plane_simulation - INFO - Точка старта: RILTO, Точка финиша: PONB
2026-03-02 10:32:07,960 - plane_simulation - INFO - Построение графа (k=8, 804 узлов)...
2026-03-02 10:32:09,423 - plane_simulation - INFO - Поиск кратчайшего пути (A*)...
2026-03-02 10:32:09,438 - plane_simulation - INFO - Найден путь из 30 waypoints
2026-03-02 10:32:09,439 - plane_simulation - INFO - Макс. отклонение от ортодромии: 280 км
2026-03-02 10:32:09,439 - plane_simulation - INFO - Симуляция самолета №4 завершена за 1.50 сек. Результат сохранен в C:\Users\RichelieuGVG\Desktop\diploma\flightplanner\plane_simulation\simulation_result.json
2026-03-02 10:32:09,440 - plane_simulation - INFO - Начало симуляции для самолета №5
2026-03-02 10:32:09,440 - plane_simulation - INFO - Загрузка waypoints из C:\Users\RichelieuGVG\Desktop\diploma\flightplanner\russia_waypoints.json...
2026-03-02 10:32:09,443 - plane_simulation - INFO - Успешно загружено 1865 точек
2026-03-02 10:32:09,443 - plane_simulation - INFO - Маршрут: Pulkovo -> Novy (Ортодромия: 6207 км)
2026-03-02 10:32:09,460 - plane_simulation - INFO - Waypoints в коридоре ±800 км: 823 из 1865
2026-03-02 10:32:09,463 - plane_simulation - INFO - Точка старта: PONB, Точка финиша: MR01
2026-03-02 10:32:09,463 - plane_simulation - INFO - Построение графа (k=8, 823 узлов)...
2026-03-02 10:32:11,004 - plane_simulation - INFO - Поиск кратчайшего пути (A*)...
2026-03-02 10:32:11,021 - plane_simulation - INFO - Найден путь из 51 waypoints
2026-03-02 10:32:11,022 - plane_simulation - INFO - Макс. отклонение от ортодромии: 782 км
2026-03-02 10:32:11,024 - plane_simulation - INFO - Симуляция самолета №5 завершена за 1.58 сек. Результат сохранен в C:\Users\RichelieuGVG\Desktop\diploma\flightplanner\plane_simulation\simulation_result.json
2026-03-02 10:32:28,147 - weather_generator - INFO - Загрузка C:\Users\RichelieuGVG\Desktop\diploma\flightplanner\weather\weather_data.json (пропуск генерации)...
2026-03-02 10:32:31,454 - weather_generator - INFO -   932500 записей загружено
2026-03-02 10:33:22,050 - werkzeug - INFO - [31m[1mWARNING: This is a development server. Do not use it in a production deployment. Use a production WSGI server instead.[0m
 * Running on all addresses (0.0.0.0)
 * Running on http://127.0.0.1:5000
 * Running on http://10.17.46.52:5000
2026-03-02 10:33:22,050 - werkzeug - INFO - [33mPress CTRL+C to quit[0m
2026-03-02 10:33:22,069 - werkzeug - INFO -  * Restarting with watchdog (windowsapi)
2026-03-02 10:33:22,546 - werkzeug - WARNING -  * Debugger is active!
2026-03-02 10:33:22,562 - werkzeug - INFO -  * Debugger PIN: 133-895-586
2026-03-02 10:33:27,662 - werkzeug - INFO - 127.0.0.1 - - [02/Mar/2026 10:33:27] "[36mGET / HTTP/1.1[0m" 304 -
2026-03-02 10:33:27,924 - werkzeug - INFO - 127.0.0.1 - - [02/Mar/2026 10:33:27] "[36mGET /static/styles.css HTTP/1.1[0m" 304 -
2026-03-02 10:33:28,000 - werkzeug - INFO - 127.0.0.1 - - [02/Mar/2026 10:33:28] "[36mGET /static/script.js HTTP/1.1[0m" 304 -
2026-03-02 10:33:28,097 - werkzeug - INFO - 127.0.0.1 - - [02/Mar/2026 10:33:28] "GET /api/waypoints HTTP/1.1" 200 -
2026-03-02 10:33:28,384 - werkzeug - INFO - 127.0.0.1 - - [02/Mar/2026 10:33:28] "[36mGET /airports/russian_civil_airports.json HTTP/1.1[0m" 304 -
2026-03-02 10:33:28,477 - werkzeug - INFO - 127.0.0.1 - - [02/Mar/2026 10:33:28] "[36mGET /static/favicon.ico HTTP/1.1[0m" 304 -
2026-03-02 10:33:29,835 - werkzeug - INFO - 127.0.0.1 - - [02/Mar/2026 10:33:29] "POST /api/optimize HTTP/1.1" 200 -
2026-03-02 10:33:30,092 - werkzeug - INFO - 127.0.0.1 - - [02/Mar/2026 10:33:30] "GET /weather/weather_data.json?t=1772436809842 HTTP/1.1" 200 -
2026-03-02 10:35:42,050 - werkzeug - INFO -  * Detected change in 'C:\\Users\\RichelieuGVG\\Desktop\\diploma\\flightplanner\\plane_simulation\\plane_simulation.py', reloading
2026-03-02 10:35:42,051 - werkzeug - INFO -  * Detected change in 'C:\\Users\\RichelieuGVG\\Desktop\\diploma\\flightplanner\\plane_simulation\\plane_simulation.py', reloading
2026-03-02 10:35:42,051 - werkzeug - INFO -  * Detected change in 'C:\\Users\\RichelieuGVG\\Desktop\\diploma\\flightplanner\\plane_simulation\\plane_simulation.py', reloading
2026-03-02 10:35:43,091 - werkzeug - INFO -  * Restarting with watchdog (windowsapi)
2026-03-02 10:35:43,628 - werkzeug - WARNING -  * Debugger is active!
2026-03-02 10:35:43,641 - werkzeug - INFO -  * Debugger PIN: 133-895-586
2026-03-02 10:37:58,852 - werkzeug - INFO -  * Detected change in 'C:\\Users\\RichelieuGVG\\Desktop\\diploma\\flightplanner\\plane_simulation\\plane_simulation.py', reloading
2026-03-02 10:37:58,853 - werkzeug - INFO -  * Detected change in 'C:\\Users\\RichelieuGVG\\Desktop\\diploma\\flightplanner\\plane_simulation\\plane_simulation.py', reloading
2026-03-02 10:37:58,854 - werkzeug - INFO -  * Detected change in 'C:\\Users\\RichelieuGVG\\Desktop\\diploma\\flightplanner\\plane_simulation\\plane_simulation.py', reloading
2026-03-02 10:37:59,891 - werkzeug - INFO -  * Restarting with watchdog (windowsapi)
2026-03-02 10:38:00,366 - werkzeug - WARNING -  * Debugger is active!
2026-03-02 10:38:00,379 - werkzeug - INFO -  * Debugger PIN: 133-895-586
2026-03-02 10:38:23,689 - plane_simulation - INFO - Начало симуляции для самолета №1
2026-03-02 10:38:23,689 - plane_simulation - INFO - Загрузка waypoints из C:\Users\RichelieuGVG\Desktop\diploma\flightplanner\russia_waypoints.json...
2026-03-02 10:38:23,692 - plane_simulation - INFO - Успешно загружено 1865 точек
2026-03-02 10:38:23,692 - plane_simulation - INFO - Маршрут: Ufa -> Kurumoch (Ортодромия: 391 км)
2026-03-02 10:38:23,710 - plane_simulation - INFO - Waypoints в коридоре ±800 км: 144 из 1865
2026-03-02 10:38:23,710 - plane_simulation - INFO - Точка старта: ITUNA, Точка финиша: AGMAR
2026-03-02 10:38:23,711 - plane_simulation - INFO - Построение графа (k=8, 144 узлов)...
2026-03-02 10:38:23,755 - plane_simulation - INFO - Поиск кратчайшего пути (A*)...
2026-03-02 10:38:23,756 - plane_simulation - INFO - Найден путь из 6 waypoints
2026-03-02 10:38:23,756 - plane_simulation - INFO - Макс. отклонение от ортодромии: 92 км
2026-03-02 10:38:23,758 - plane_simulation - INFO - Симуляция самолета №1 завершена за 0.07 сек. Результат сохранен в C:\Users\RichelieuGVG\Desktop\diploma\flightplanner\plane_simulation\simulation_result.json
2026-03-02 10:38:23,758 - plane_simulation - INFO - Начало симуляции для самолета №2
2026-03-02 10:38:23,758 - plane_simulation - INFO - Загрузка waypoints из C:\Users\RichelieuGVG\Desktop\diploma\flightplanner\russia_waypoints.json...
2026-03-02 10:38:23,761 - plane_simulation - INFO - Успешно загружено 1865 точек
2026-03-02 10:38:23,761 - plane_simulation - INFO - Маршрут: Sochi -> Pulkovo (Ортодромия: 1933 км)
2026-03-02 10:38:23,775 - plane_simulation - INFO - Waypoints в коридоре ±800 км: 468 из 1865
2026-03-02 10:38:23,777 - plane_simulation - INFO - Точка старта: ADLEM, Точка финиша: PONB
2026-03-02 10:38:23,777 - plane_simulation - INFO - Построение графа (k=8, 468 узлов)...
2026-03-02 10:38:24,263 - plane_simulation - INFO - Поиск кратчайшего пути (A*)...
2026-03-02 10:38:24,272 - plane_simulation - INFO - Найден путь из 26 waypoints
2026-03-02 10:38:24,272 - plane_simulation - INFO - Макс. отклонение от ортодромии: 290 км
2026-03-02 10:38:24,274 - plane_simulation - INFO - Симуляция самолета №2 завершена за 0.51 сек. Результат сохранен в C:\Users\RichelieuGVG\Desktop\diploma\flightplanner\plane_simulation\simulation_result.json
2026-03-02 10:38:24,274 - plane_simulation - INFO - Начало симуляции для самолета №3
2026-03-02 10:38:24,274 - plane_simulation - INFO - Загрузка waypoints из C:\Users\RichelieuGVG\Desktop\diploma\flightplanner\russia_waypoints.json...
2026-03-02 10:38:24,277 - plane_simulation - INFO - Успешно загружено 1865 точек
2026-03-02 10:38:24,277 - plane_simulation - INFO - Маршрут: Ufa -> Tolmachevo (Ортодромия: 1707 км)
2026-03-02 10:38:24,294 - plane_simulation - INFO - Waypoints в коридоре ±800 км: 692 из 1865
2026-03-02 10:38:24,297 - plane_simulation - INFO - Точка старта: ITUNA, Точка финиша: RILTO
2026-03-02 10:38:24,298 - plane_simulation - INFO - Построение графа (k=8, 692 узлов)...
2026-03-02 10:38:25,365 - plane_simulation - INFO - Поиск кратчайшего пути (A*)...
2026-03-02 10:38:25,370 - plane_simulation - INFO - Найден путь из 18 waypoints
2026-03-02 10:38:25,370 - plane_simulation - INFO - Макс. отклонение от ортодромии: 124 км
2026-03-02 10:38:25,372 - plane_simulation - INFO - Симуляция самолета №3 завершена за 1.10 сек. Результат сохранен в C:\Users\RichelieuGVG\Desktop\diploma\flightplanner\plane_simulation\simulation_result.json
2026-03-02 10:38:25,373 - plane_simulation - INFO - Начало симуляции для самолета №4
2026-03-02 10:38:25,373 - plane_simulation - INFO - Загрузка waypoints из C:\Users\RichelieuGVG\Desktop\diploma\flightplanner\russia_waypoints.json...
2026-03-02 10:38:25,376 - plane_simulation - INFO - Успешно загружено 1865 точек
2026-03-02 10:38:25,376 - plane_simulation - INFO - Маршрут: Ufa -> Kurumoch (Ортодромия: 391 км)
2026-03-02 10:38:25,393 - plane_simulation - INFO - Waypoints в коридоре ±800 км: 144 из 1865
2026-03-02 10:38:25,394 - plane_simulation - INFO - Точка старта: ITUNA, Точка финиша: AGMAR
2026-03-02 10:38:25,394 - plane_simulation - INFO - Построение графа (k=8, 144 узлов)...
2026-03-02 10:38:25,440 - plane_simulation - INFO - Поиск кратчайшего пути (A*)...
2026-03-02 10:38:25,441 - plane_simulation - INFO - Найден путь из 6 waypoints
2026-03-02 10:38:25,441 - plane_simulation - INFO - Макс. отклонение от ортодромии: 92 км
2026-03-02 10:38:25,442 - plane_simulation - INFO - Симуляция самолета №4 завершена за 0.07 сек. Результат сохранен в C:\Users\RichelieuGVG\Desktop\diploma\flightplanner\plane_simulation\simulation_result.json
2026-03-02 10:38:25,443 - plane_simulation - INFO - Начало симуляции для самолета №5
2026-03-02 10:38:25,443 - plane_simulation - INFO - Загрузка waypoints из C:\Users\RichelieuGVG\Desktop\diploma\flightplanner\russia_waypoints.json...
2026-03-02 10:38:25,446 - plane_simulation - INFO - Успешно загружено 1865 точек
2026-03-02 10:38:25,446 - plane_simulation - INFO - Маршрут: Kazan -> Sochi (Ортодромия: 1507 км)
2026-03-02 10:38:25,464 - plane_simulation - INFO - Waypoints в коридоре ±800 км: 699 из 1865
2026-03-02 10:38:25,467 - plane_simulation - INFO - Точка старта: RITOP, Точка финиша: ADLEM
2026-03-02 10:38:25,467 - plane_simulation - INFO - Построение графа (k=8, 699 узлов)...
2026-03-02 10:38:26,554 - plane_simulation - INFO - Поиск кратчайшего пути (A*)...
2026-03-02 10:38:26,561 - plane_simulation - INFO - Найден путь из 21 waypoints
2026-03-02 10:38:26,561 - plane_simulation - INFO - Макс. отклонение от ортодромии: 195 км
2026-03-02 10:38:26,562 - plane_simulation - INFO - Симуляция самолета №5 завершена за 1.12 сек. Результат сохранен в C:\Users\RichelieuGVG\Desktop\diploma\flightplanner\plane_simulation\simulation_result.json
2026-03-02 10:38:51,187 - werkzeug - INFO -  * Detected change in 'C:\\Users\\RichelieuGVG\\Desktop\\diploma\\flightplanner\\plane_simulation\\plane_simulation.py', reloading
2026-03-02 10:38:51,187 - werkzeug - INFO -  * Detected change in 'C:\\Users\\RichelieuGVG\\Desktop\\diploma\\flightplanner\\plane_simulation\\plane_simulation.py', reloading
2026-03-02 10:38:51,188 - werkzeug - INFO -  * Detected change in 'C:\\Users\\RichelieuGVG\\Desktop\\diploma\\flightplanner\\plane_simulation\\plane_simulation.py', reloading
2026-03-02 10:38:52,652 - werkzeug - INFO -  * Restarting with watchdog (windowsapi)
2026-03-02 10:38:53,149 - werkzeug - WARNING -  * Debugger is active!
2026-03-02 10:38:53,162 - werkzeug - INFO -  * Debugger PIN: 133-895-586
2026-03-02 10:41:54,151 - werkzeug - INFO -  * Detected change in 'C:\\Users\\RichelieuGVG\\Desktop\\diploma\\flightplanner\\plane_simulation\\plane_simulation.py', reloading
2026-03-02 10:41:54,151 - werkzeug - INFO -  * Detected change in 'C:\\Users\\RichelieuGVG\\Desktop\\diploma\\flightplanner\\plane_simulation\\plane_simulation.py', reloading
2026-03-02 10:41:54,152 - werkzeug - INFO -  * Detected change in 'C:\\Users\\RichelieuGVG\\Desktop\\diploma\\flightplanner\\plane_simulation\\plane_simulation.py', reloading
2026-03-02 10:41:55,200 - werkzeug - INFO -  * Restarting with watchdog (windowsapi)
2026-03-02 10:41:55,684 - werkzeug - WARNING -  * Debugger is active!
2026-03-02 10:41:55,696 - werkzeug - INFO -  * Debugger PIN: 133-895-586
2026-03-02 10:42:22,340 - plane_simulation - INFO - Начало симуляции для самолета №1
2026-03-02 10:42:22,341 - plane_simulation - INFO - Загрузка waypoints из C:\Users\RichelieuGVG\Desktop\diploma\flightplanner\russia_waypoints.json...
2026-03-02 10:42:22,343 - plane_simulation - INFO - Успешно загружено 1865 точек
2026-03-02 10:42:22,343 - plane_simulation - INFO - Маршрут: Yelizovo -> Tolmachevo (Ортодромия: 4700 км)
2026-03-02 10:42:22,358 - plane_simulation - INFO - Waypoints в коридоре ±800 км: 564 из 1865
2026-03-02 10:42:22,361 - plane_simulation - INFO - Точка старта: PETIN, Точка финиша: RILTO
2026-03-02 10:42:22,361 - plane_simulation - INFO - Построение графа (k=8, 564 узлов)...
2026-03-02 10:42:23,063 - plane_simulation - INFO - Поиск кратчайшего пути (A*)...
2026-03-02 10:42:23,075 - plane_simulation - INFO - Найден путь из 40 waypoints
2026-03-02 10:42:23,076 - plane_simulation - INFO - Макс. отклонение от ортодромии: 625 км
2026-03-02 10:42:23,077 - plane_simulation - INFO - Симуляция самолета №1 завершена за 0.74 сек. Результат сохранен в C:\Users\RichelieuGVG\Desktop\diploma\flightplanner\plane_simulation\simulation_result.json
2026-03-02 10:42:23,078 - plane_simulation - INFO - Начало симуляции для самолета №2
2026-03-02 10:42:23,078 - plane_simulation - INFO - Загрузка waypoints из C:\Users\RichelieuGVG\Desktop\diploma\flightplanner\russia_waypoints.json...
2026-03-02 10:42:23,081 - plane_simulation - INFO - Успешно загружено 1865 точек
2026-03-02 10:42:23,081 - plane_simulation - INFO - Маршрут: Sochi -> Sheremetyevo (Ортодромия: 1404 км)
2026-03-02 10:42:23,095 - plane_simulation - INFO - Waypoints в коридоре ±800 км: 366 из 1865
2026-03-02 10:42:23,097 - plane_simulation - INFO - Точка старта: ADLEM, Точка финиша: R1862
2026-03-02 10:42:23,097 - plane_simulation - INFO - Построение графа (k=8, 366 узлов)...
2026-03-02 10:42:23,398 - plane_simulation - INFO - Поиск кратчайшего пути (A*)...
2026-03-02 10:42:23,403 - plane_simulation - INFO - Найден путь из 18 waypoints
2026-03-02 10:42:23,403 - plane_simulation - INFO - Макс. отклонение от ортодромии: 137 км
2026-03-02 10:42:23,404 - plane_simulation - INFO - Симуляция самолета №2 завершена за 0.33 сек. Результат сохранен в C:\Users\RichelieuGVG\Desktop\diploma\flightplanner\plane_simulation\simulation_result.json
2026-03-02 10:42:23,405 - plane_simulation - INFO - Начало симуляции для самолета №3
2026-03-02 10:42:23,405 - plane_simulation - INFO - Загрузка waypoints из C:\Users\RichelieuGVG\Desktop\diploma\flightplanner\russia_waypoints.json...
2026-03-02 10:42:23,408 - plane_simulation - INFO - Успешно загружено 1865 точек
2026-03-02 10:42:23,408 - plane_simulation - INFO - Маршрут: Kurumoch -> Pulkovo (Ортодромия: 1396 км)
2026-03-02 10:42:23,422 - plane_simulation - INFO - Waypoints в коридоре ±800 км: 498 из 1865
2026-03-02 10:42:23,424 - plane_simulation - INFO - Точка старта: AGMAR, Точка финиша: PONB
2026-03-02 10:42:23,424 - plane_simulation - INFO - Построение графа (k=8, 498 узлов)...
2026-03-02 10:42:23,976 - plane_simulation - INFO - Поиск кратчайшего пути (A*)...
2026-03-02 10:42:23,985 - plane_simulation - INFO - Найден путь из 22 waypoints
2026-03-02 10:42:23,986 - plane_simulation - INFO - Макс. отклонение от ортодромии: 173 км
2026-03-02 10:42:23,987 - plane_simulation - INFO - Симуляция самолета №3 завершена за 0.58 сек. Результат сохранен в C:\Users\RichelieuGVG\Desktop\diploma\flightplanner\plane_simulation\simulation_result.json
2026-03-02 10:42:23,988 - plane_simulation - INFO - Начало симуляции для самолета №4
2026-03-02 10:42:23,988 - plane_simulation - INFO - Загрузка waypoints из C:\Users\RichelieuGVG\Desktop\diploma\flightplanner\russia_waypoints.json...
2026-03-02 10:42:23,991 - plane_simulation - INFO - Успешно загружено 1865 точек
2026-03-02 10:42:23,991 - plane_simulation - INFO - Маршрут: Novy -> Sochi (Ортодромия: 6880 км)
2026-03-02 10:42:24,009 - plane_simulation - INFO - Waypoints в коридоре ±800 км: 1071 из 1865
2026-03-02 10:42:24,013 - plane_simulation - INFO - Точка старта: MR01, Точка финиша: ADLEM
2026-03-02 10:42:24,013 - plane_simulation - INFO - Построение графа (k=8, 1071 узлов)...
2026-03-02 10:42:26,671 - plane_simulation - INFO - Поиск кратчайшего пути (A*)...
2026-03-02 10:42:26,695 - plane_simulation - INFO - Найден путь из 61 waypoints
2026-03-02 10:42:26,696 - plane_simulation - INFO - Макс. отклонение от ортодромии: 704 км
2026-03-02 10:42:26,697 - plane_simulation - INFO - Симуляция самолета №4 завершена за 2.71 сек. Результат сохранен в C:\Users\RichelieuGVG\Desktop\diploma\flightplanner\plane_simulation\simulation_result.json
2026-03-02 10:42:26,698 - plane_simulation - INFO - Начало симуляции для самолета №5
2026-03-02 10:42:26,698 - plane_simulation - INFO - Загрузка waypoints из C:\Users\RichelieuGVG\Desktop\diploma\flightplanner\russia_waypoints.json...
2026-03-02 10:42:26,701 - plane_simulation - INFO - Успешно загружено 1865 точек
2026-03-02 10:42:26,702 - plane_simulation - INFO - Маршрут: Tolmachevo -> Yelizovo (Ортодромия: 4700 км)
2026-03-02 10:42:26,716 - plane_simulation - INFO - Waypoints в коридоре ±800 км: 621 из 1865
2026-03-02 10:42:26,718 - plane_simulation - INFO - Точка старта: RILTO, Точка финиша: PETIN
2026-03-02 10:42:26,718 - plane_simulation - INFO - Построение графа (k=8, 621 узлов)...
2026-03-02 10:42:27,601 - plane_simulation - INFO - Поиск кратчайшего пути (A*)...
2026-03-02 10:42:27,612 - plane_simulation - INFO - Найден путь из 33 waypoints
2026-03-02 10:42:27,612 - plane_simulation - INFO - Макс. отклонение от ортодромии: 759 км
2026-03-02 10:42:27,614 - plane_simulation - INFO - Симуляция самолета №5 завершена за 0.92 сек. Результат сохранен в C:\Users\RichelieuGVG\Desktop\diploma\flightplanner\plane_simulation\simulation_result.json
2026-03-02 10:42:52,423 - werkzeug - INFO - 127.0.0.1 - - [02/Mar/2026 10:42:52] "[36mGET / HTTP/1.1[0m" 304 -
2026-03-02 10:42:52,683 - werkzeug - INFO - 127.0.0.1 - - [02/Mar/2026 10:42:52] "[36mGET /static/styles.css HTTP/1.1[0m" 304 -
2026-03-02 10:42:52,774 - werkzeug - INFO - 127.0.0.1 - - [02/Mar/2026 10:42:52] "GET /static/script.js HTTP/1.1" 200 -
2026-03-02 10:42:52,803 - werkzeug - INFO - 127.0.0.1 - - [02/Mar/2026 10:42:52] "GET /api/waypoints HTTP/1.1" 200 -
2026-03-02 10:42:53,095 - werkzeug - INFO - 127.0.0.1 - - [02/Mar/2026 10:42:53] "[36mGET /airports/russian_civil_airports.json HTTP/1.1[0m" 304 -
2026-03-02 10:42:53,142 - werkzeug - INFO - 127.0.0.1 - - [02/Mar/2026 10:42:53] "[36mGET /static/favicon.ico HTTP/1.1[0m" 304 -
2026-03-02 10:42:58,336 - werkzeug - INFO - 127.0.0.1 - - [02/Mar/2026 10:42:58] "POST /api/optimize HTTP/1.1" 200 -
2026-03-02 10:42:58,598 - werkzeug - INFO - 127.0.0.1 - - [02/Mar/2026 10:42:58] "GET /weather/weather_data.json?t=1772437378342 HTTP/1.1" 200 -
2026-03-02 10:46:39,271 - werkzeug - INFO -  * Detected change in 'C:\\Users\\RichelieuGVG\\Desktop\\diploma\\flightplanner\\app.py', reloading
2026-03-02 10:46:39,273 - werkzeug - INFO -  * Detected change in 'C:\\Users\\RichelieuGVG\\Desktop\\diploma\\flightplanner\\app.py', reloading
2026-03-02 10:46:39,274 - werkzeug - INFO -  * Detected change in 'C:\\Users\\RichelieuGVG\\Desktop\\diploma\\flightplanner\\app.py', reloading
2026-03-02 10:46:40,314 - werkzeug - INFO -  * Restarting with watchdog (windowsapi)
2026-03-02 10:46:40,792 - werkzeug - WARNING -  * Debugger is active!
2026-03-02 10:46:40,804 - werkzeug - INFO -  * Debugger PIN: 133-895-586
2026-03-02 10:46:41,206 - werkzeug - INFO -  * Detected change in 'C:\\Users\\RichelieuGVG\\Desktop\\diploma\\flightplanner\\plane_simulation\\plane_simulation.py', reloading
2026-03-02 10:46:41,207 - werkzeug - INFO -  * Detected change in 'C:\\Users\\RichelieuGVG\\Desktop\\diploma\\flightplanner\\plane_simulation\\plane_simulation.py', reloading
2026-03-02 10:46:41,210 - werkzeug - INFO -  * Detected change in 'C:\\Users\\RichelieuGVG\\Desktop\\diploma\\flightplanner\\plane_simulation\\plane_simulation.py', reloading
2026-03-02 10:46:42,653 - werkzeug - INFO -  * Restarting with watchdog (windowsapi)
2026-03-02 10:46:43,214 - werkzeug - WARNING -  * Debugger is active!
2026-03-02 10:46:43,232 - werkzeug - INFO -  * Debugger PIN: 133-895-586
2026-03-02 10:46:52,844 - plane_simulation - INFO - Начало симуляции для самолета №1
2026-03-02 10:46:52,844 - plane_simulation - INFO - Загрузка waypoints из C:\Users\RichelieuGVG\Desktop\diploma\flightplanner\prohibited_zones\allowed_to_use_waypoints.json...
2026-03-02 10:46:52,848 - plane_simulation - INFO - Успешно загружено 1758 точек
2026-03-02 10:46:52,848 - plane_simulation - INFO - Маршрут: Kurumoch -> Sochi (Ортодромия: 1345 км)
2026-03-02 10:46:52,865 - plane_simulation - INFO - Waypoints в коридоре ±800 км: 555 из 1758
2026-03-02 10:46:52,867 - plane_simulation - INFO - Точка старта: AGMAR, Точка финиша: ADLEM
2026-03-02 10:46:52,867 - plane_simulation - INFO - Построение графа (k=8, 555 узлов)...
2026-03-02 10:46:53,535 - plane_simulation - INFO - Поиск кратчайшего пути (A*)...
2026-03-02 10:46:53,541 - plane_simulation - INFO - Найден путь из 19 waypoints
2026-03-02 10:46:53,541 - plane_simulation - INFO - Макс. отклонение от ортодромии: 142 км
2026-03-02 10:46:53,542 - plane_simulation - INFO - Симуляция самолета №1 завершена за 0.70 сек. Результат сохранен в C:\Users\RichelieuGVG\Desktop\diploma\flightplanner\plane_simulation\simulation_result.json
2026-03-02 10:46:53,543 - plane_simulation - INFO - Начало симуляции для самолета №2
2026-03-02 10:46:53,543 - plane_simulation - INFO - Загрузка waypoints из C:\Users\RichelieuGVG\Desktop\diploma\flightplanner\prohibited_zones\allowed_to_use_waypoints.json...
2026-03-02 10:46:53,546 - plane_simulation - INFO - Успешно загружено 1758 точек
2026-03-02 10:46:53,546 - plane_simulation - INFO - Маршрут: Yelizovo -> Kazan (Ортодромия: 6303 км)
2026-03-02 10:46:53,564 - plane_simulation - INFO - Waypoints в коридоре ±800 км: 736 из 1758
2026-03-02 10:46:53,567 - plane_simulation - INFO - Точка старта: PETIN, Точка финиша: RITOP
2026-03-02 10:46:53,567 - plane_simulation - INFO - Построение графа (k=8, 736 узлов)...
2026-03-02 10:46:54,791 - plane_simulation - INFO - Поиск кратчайшего пути (A*)...
2026-03-02 10:46:54,794 - plane_simulation - ERROR - Ошибка при симуляции самолета №2: Путь не найден — попробуйте увеличить k_neighbors или corridor_km
2026-03-02 10:46:54,794 - plane_simulation - ERROR - Traceback (most recent call last):
  File "C:\Users\RichelieuGVG\Desktop\diploma\flightplanner\plane_simulation\plane_simulation.py", line 258, in simulate
    raise RuntimeError(
RuntimeError: Путь не найден — попробуйте увеличить k_neighbors или corridor_km

2026-03-02 10:46:54,795 - plane_simulation - INFO - Начало симуляции для самолета №3
2026-03-02 10:46:54,795 - plane_simulation - INFO - Загрузка waypoints из C:\Users\RichelieuGVG\Desktop\diploma\flightplanner\prohibited_zones\allowed_to_use_waypoints.json...
2026-03-02 10:46:54,798 - plane_simulation - INFO - Успешно загружено 1758 точек
2026-03-02 10:46:54,798 - plane_simulation - INFO - Маршрут: Yelizovo -> Sheremetyevo (Ортодромия: 6742 км)
2026-03-02 10:46:54,814 - plane_simulation - INFO - Waypoints в коридоре ±800 км: 751 из 1758
2026-03-02 10:46:54,817 - plane_simulation - INFO - Точка старта: PETIN, Точка финиша: R1862
2026-03-02 10:46:54,817 - plane_simulation - INFO - Построение графа (k=8, 751 узлов)...
2026-03-02 10:46:56,066 - plane_simulation - INFO - Поиск кратчайшего пути (A*)...
2026-03-02 10:46:56,068 - plane_simulation - ERROR - Ошибка при симуляции самолета №3: Путь не найден — попробуйте увеличить k_neighbors или corridor_km
2026-03-02 10:46:56,068 - plane_simulation - ERROR - Traceback (most recent call last):
  File "C:\Users\RichelieuGVG\Desktop\diploma\flightplanner\plane_simulation\plane_simulation.py", line 258, in simulate
    raise RuntimeError(
RuntimeError: Путь не найден — попробуйте увеличить k_neighbors или corridor_km

2026-03-02 10:46:56,069 - plane_simulation - INFO - Начало симуляции для самолета №4
2026-03-02 10:46:56,069 - plane_simulation - INFO - Загрузка waypoints из C:\Users\RichelieuGVG\Desktop\diploma\flightplanner\prohibited_zones\allowed_to_use_waypoints.json...
2026-03-02 10:46:56,072 - plane_simulation - INFO - Успешно загружено 1758 точек
2026-03-02 10:46:56,072 - plane_simulation - INFO - Маршрут: Tolmachevo -> Sochi (Ортодромия: 3293 км)
2026-03-02 10:46:56,088 - plane_simulation - INFO - Waypoints в коридоре ±800 км: 803 из 1758
2026-03-02 10:46:56,092 - plane_simulation - INFO - Точка старта: RILTO, Точка финиша: ADLEM
2026-03-02 10:46:56,092 - plane_simulation - INFO - Построение графа (k=8, 803 узлов)...
2026-03-02 10:46:57,513 - plane_simulation - INFO - Поиск кратчайшего пути (A*)...
2026-03-02 10:46:57,526 - plane_simulation - INFO - Найден путь из 37 waypoints
2026-03-02 10:46:57,526 - plane_simulation - INFO - Макс. отклонение от ортодромии: 471 км
2026-03-02 10:46:57,527 - plane_simulation - INFO - Симуляция самолета №4 завершена за 1.46 сек. Результат сохранен в C:\Users\RichelieuGVG\Desktop\diploma\flightplanner\plane_simulation\simulation_result.json
2026-03-02 10:46:57,528 - plane_simulation - INFO - Начало симуляции для самолета №5
2026-03-02 10:46:57,528 - plane_simulation - INFO - Загрузка waypoints из C:\Users\RichelieuGVG\Desktop\diploma\flightplanner\prohibited_zones\allowed_to_use_waypoints.json...
2026-03-02 10:46:57,531 - plane_simulation - INFO - Успешно загружено 1758 точек
2026-03-02 10:46:57,532 - plane_simulation - INFO - Маршрут: Ufa -> Tolmachevo (Ортодромия: 1707 км)
2026-03-02 10:46:57,547 - plane_simulation - INFO - Waypoints в коридоре ±800 км: 663 из 1758
2026-03-02 10:46:57,550 - plane_simulation - INFO - Точка старта: ITUNA, Точка финиша: RILTO
2026-03-02 10:46:57,551 - plane_simulation - INFO - Построение графа (k=8, 663 узлов)...
2026-03-02 10:46:58,533 - plane_simulation - INFO - Поиск кратчайшего пути (A*)...
2026-03-02 10:46:58,539 - plane_simulation - INFO - Найден путь из 18 waypoints
2026-03-02 10:46:58,540 - plane_simulation - INFO - Макс. отклонение от ортодромии: 124 км
2026-03-02 10:46:58,541 - plane_simulation - INFO - Симуляция самолета №5 завершена за 1.01 сек. Результат сохранен в C:\Users\RichelieuGVG\Desktop\diploma\flightplanner\plane_simulation\simulation_result.json
2026-03-02 10:47:46,435 - werkzeug - INFO -  * Detected change in 'C:\\Users\\RichelieuGVG\\Desktop\\diploma\\flightplanner\\plane_simulation\\plane_simulation.py', reloading
2026-03-02 10:47:46,435 - werkzeug - INFO -  * Detected change in 'C:\\Users\\RichelieuGVG\\Desktop\\diploma\\flightplanner\\plane_simulation\\plane_simulation.py', reloading
2026-03-02 10:47:46,437 - werkzeug - INFO -  * Detected change in 'C:\\Users\\RichelieuGVG\\Desktop\\diploma\\flightplanner\\plane_simulation\\plane_simulation.py', reloading
2026-03-02 10:47:47,472 - werkzeug - INFO -  * Restarting with watchdog (windowsapi)
2026-03-02 10:47:48,011 - werkzeug - WARNING -  * Debugger is active!
2026-03-02 10:47:48,024 - werkzeug - INFO -  * Debugger PIN: 133-895-586
2026-03-02 10:48:02,992 - plane_simulation - INFO - Начало симуляции для самолета №1
2026-03-02 10:48:02,992 - plane_simulation - INFO - Загрузка waypoints из C:\Users\RichelieuGVG\Desktop\diploma\flightplanner\prohibited_zones\allowed_to_use_waypoints.json...
2026-03-02 10:48:02,994 - plane_simulation - INFO - Успешно загружено 1758 точек
2026-03-02 10:48:02,995 - plane_simulation - INFO - Маршрут: Kurumoch -> Ufa (Ортодромия: 391 км)
2026-03-02 10:48:03,012 - plane_simulation - INFO - Waypoints в коридоре ±1000 км: 163 из 1758
2026-03-02 10:48:03,012 - plane_simulation - INFO - Точка старта: AGMAR, Точка финиша: ITUNA
2026-03-02 10:48:03,012 - plane_simulation - INFO - Построение графа (k=12, 163 узлов)...
2026-03-02 10:48:03,069 - plane_simulation - INFO - Поиск кратчайшего пути (A*)...
2026-03-02 10:48:03,070 - plane_simulation - INFO - Найден путь из 5 waypoints
2026-03-02 10:48:03,070 - plane_simulation - INFO - Макс. отклонение от ортодромии: 92 км
2026-03-02 10:48:03,071 - plane_simulation - INFO - Симуляция самолета №1 завершена за 0.08 сек. Результат сохранен в C:\Users\RichelieuGVG\Desktop\diploma\flightplanner\plane_simulation\simulation_result.json
2026-03-02 10:48:03,071 - plane_simulation - INFO - Начало симуляции для самолета №2
2026-03-02 10:48:03,071 - plane_simulation - INFO - Загрузка waypoints из C:\Users\RichelieuGVG\Desktop\diploma\flightplanner\prohibited_zones\allowed_to_use_waypoints.json...
2026-03-02 10:48:03,074 - plane_simulation - INFO - Успешно загружено 1758 точек
2026-03-02 10:48:03,074 - plane_simulation - INFO - Маршрут: Tolmachevo -> Sheremetyevo (Ортодромия: 2800 км)
2026-03-02 10:48:03,090 - plane_simulation - INFO - Waypoints в коридоре ±1000 км: 838 из 1758
2026-03-02 10:48:03,094 - plane_simulation - INFO - Точка старта: RILTO, Точка финиша: R1862
2026-03-02 10:48:03,094 - plane_simulation - INFO - Построение графа (k=12, 838 узлов)...
2026-03-02 10:48:04,626 - plane_simulation - INFO - Поиск кратчайшего пути (A*)...
2026-03-02 10:48:04,647 - plane_simulation - INFO - Найден путь из 24 waypoints
2026-03-02 10:48:04,647 - plane_simulation - INFO - Макс. отклонение от ортодромии: 215 км
2026-03-02 10:48:04,649 - plane_simulation - INFO - Симуляция самолета №2 завершена за 1.58 сек. Результат сохранен в C:\Users\RichelieuGVG\Desktop\diploma\flightplanner\plane_simulation\simulation_result.json
2026-03-02 10:48:04,650 - plane_simulation - INFO - Начало симуляции для самолета №3
2026-03-02 10:48:04,650 - plane_simulation - INFO - Загрузка waypoints из C:\Users\RichelieuGVG\Desktop\diploma\flightplanner\prohibited_zones\allowed_to_use_waypoints.json...
2026-03-02 10:48:04,653 - plane_simulation - INFO - Успешно загружено 1758 точек
2026-03-02 10:48:04,653 - plane_simulation - INFO - Маршрут: Ufa -> Tolmachevo (Ортодромия: 1707 км)
2026-03-02 10:48:04,670 - plane_simulation - INFO - Waypoints в коридоре ±1000 км: 753 из 1758
2026-03-02 10:48:04,673 - plane_simulation - INFO - Точка старта: ITUNA, Точка финиша: RILTO
2026-03-02 10:48:04,674 - plane_simulation - INFO - Построение графа (k=12, 753 узлов)...
2026-03-02 10:48:05,889 - plane_simulation - INFO - Поиск кратчайшего пути (A*)...
2026-03-02 10:48:05,898 - plane_simulation - INFO - Найден путь из 15 waypoints
2026-03-02 10:48:05,899 - plane_simulation - INFO - Макс. отклонение от ортодромии: 124 км
2026-03-02 10:48:05,900 - plane_simulation - INFO - Симуляция самолета №3 завершена за 1.25 сек. Результат сохранен в C:\Users\RichelieuGVG\Desktop\diploma\flightplanner\plane_simulation\simulation_result.json
2026-03-02 10:48:05,901 - plane_simulation - INFO - Начало симуляции для самолета №4
2026-03-02 10:48:05,901 - plane_simulation - INFO - Загрузка waypoints из C:\Users\RichelieuGVG\Desktop\diploma\flightplanner\prohibited_zones\allowed_to_use_waypoints.json...
2026-03-02 10:48:05,903 - plane_simulation - INFO - Успешно загружено 1758 точек
2026-03-02 10:48:05,903 - plane_simulation - INFO - Маршрут: Ufa -> Tolmachevo (Ортодромия: 1707 км)
2026-03-02 10:48:05,921 - plane_simulation - INFO - Waypoints в коридоре ±1000 км: 753 из 1758
2026-03-02 10:48:05,924 - plane_simulation - INFO - Точка старта: ITUNA, Точка финиша: RILTO
2026-03-02 10:48:05,924 - plane_simulation - INFO - Построение графа (k=12, 753 узлов)...
2026-03-02 10:48:07,151 - plane_simulation - INFO - Поиск кратчайшего пути (A*)...
2026-03-02 10:48:07,162 - plane_simulation - INFO - Найден путь из 15 waypoints
2026-03-02 10:48:07,162 - plane_simulation - INFO - Макс. отклонение от ортодромии: 124 км
2026-03-02 10:48:07,163 - plane_simulation - INFO - Симуляция самолета №4 завершена за 1.26 сек. Результат сохранен в C:\Users\RichelieuGVG\Desktop\diploma\flightplanner\plane_simulation\simulation_result.json
2026-03-02 10:48:07,164 - plane_simulation - INFO - Начало симуляции для самолета №5
2026-03-02 10:48:07,164 - plane_simulation - INFO - Загрузка waypoints из C:\Users\RichelieuGVG\Desktop\diploma\flightplanner\prohibited_zones\allowed_to_use_waypoints.json...
2026-03-02 10:48:07,167 - plane_simulation - INFO - Успешно загружено 1758 точек
2026-03-02 10:48:07,167 - plane_simulation - INFO - Маршрут: Pulkovo -> Kurumoch (Ортодромия: 1396 км)
2026-03-02 10:48:07,181 - plane_simulation - INFO - Waypoints в коридоре ±1000 км: 487 из 1758
2026-03-02 10:48:07,183 - plane_simulation - INFO - Точка старта: PONB, Точка финиша: AGMAR
2026-03-02 10:48:07,183 - plane_simulation - INFO - Построение графа (k=12, 487 узлов)...
2026-03-02 10:48:07,695 - plane_simulation - INFO - Поиск кратчайшего пути (A*)...
2026-03-02 10:48:07,704 - plane_simulation - INFO - Найден путь из 17 waypoints
2026-03-02 10:48:07,704 - plane_simulation - INFO - Макс. отклонение от ортодромии: 417 км
2026-03-02 10:48:07,705 - plane_simulation - INFO - Симуляция самолета №5 завершена за 0.54 сек. Результат сохранен в C:\Users\RichelieuGVG\Desktop\diploma\flightplanner\plane_simulation\simulation_result.json
2026-03-02 10:48:59,741 - werkzeug - INFO - 127.0.0.1 - - [02/Mar/2026 10:48:59] "[36mGET / HTTP/1.1[0m" 304 -
2026-03-02 10:48:59,985 - werkzeug - INFO - 127.0.0.1 - - [02/Mar/2026 10:48:59] "[36mGET /static/styles.css HTTP/1.1[0m" 304 -
2026-03-02 10:49:00,092 - werkzeug - INFO - 127.0.0.1 - - [02/Mar/2026 10:49:00] "[36mGET /static/script.js HTTP/1.1[0m" 304 -
2026-03-02 10:49:00,120 - werkzeug - INFO - 127.0.0.1 - - [02/Mar/2026 10:49:00] "GET /api/waypoints HTTP/1.1" 200 -
2026-03-02 10:49:00,415 - werkzeug - INFO - 127.0.0.1 - - [02/Mar/2026 10:49:00] "[36mGET /airports/russian_civil_airports.json HTTP/1.1[0m" 304 -
2026-03-02 10:49:00,476 - werkzeug - INFO - 127.0.0.1 - - [02/Mar/2026 10:49:00] "[36mGET /static/favicon.ico HTTP/1.1[0m" 304 -
2026-03-02 10:49:01,792 - werkzeug - INFO - 127.0.0.1 - - [02/Mar/2026 10:49:01] "POST /api/optimize HTTP/1.1" 200 -
2026-03-02 10:49:02,055 - werkzeug - INFO - 127.0.0.1 - - [02/Mar/2026 10:49:02] "GET /weather/weather_data.json?t=1772437741798 HTTP/1.1" 200 -
2026-03-02 10:49:13,172 - werkzeug - INFO - 127.0.0.1 - - [02/Mar/2026 10:49:13] "[36mGET / HTTP/1.1[0m" 304 -
2026-03-02 10:49:13,509 - werkzeug - INFO - 127.0.0.1 - - [02/Mar/2026 10:49:13] "[36mGET /static/styles.css HTTP/1.1[0m" 304 -
2026-03-02 10:49:13,509 - werkzeug - INFO - 127.0.0.1 - - [02/Mar/2026 10:49:13] "[36mGET /static/script.js HTTP/1.1[0m" 304 -
2026-03-02 10:49:13,780 - werkzeug - INFO - 127.0.0.1 - - [02/Mar/2026 10:49:13] "GET /api/waypoints HTTP/1.1" 200 -
2026-03-02 10:49:13,848 - werkzeug - INFO - 127.0.0.1 - - [02/Mar/2026 10:49:13] "[36mGET /airports/russian_civil_airports.json HTTP/1.1[0m" 304 -
2026-03-02 10:49:13,848 - werkzeug - INFO - 127.0.0.1 - - [02/Mar/2026 10:49:13] "[36mGET /static/favicon.ico HTTP/1.1[0m" 304 -
2026-03-02 10:49:14,799 - plane_simulation - INFO - Начало симуляции для самолета №1
2026-03-02 10:49:14,799 - plane_simulation - INFO - Загрузка waypoints из C:\Users\RichelieuGVG\Desktop\diploma\flightplanner\prohibited_zones\allowed_to_use_waypoints.json...
2026-03-02 10:49:14,802 - plane_simulation - INFO - Успешно загружено 1758 точек
2026-03-02 10:49:14,803 - plane_simulation - INFO - Маршрут: Sochi -> Sheremetyevo (Ортодромия: 1404 км)
2026-03-02 10:49:14,817 - plane_simulation - INFO - Waypoints в коридоре ±1000 км: 371 из 1758
2026-03-02 10:49:14,819 - plane_simulation - INFO - Точка старта: ADLEM, Точка финиша: R1862
2026-03-02 10:49:14,820 - plane_simulation - INFO - Построение графа (k=12, 371 узлов)...
2026-03-02 10:49:15,118 - plane_simulation - INFO - Поиск кратчайшего пути (A*)...
2026-03-02 10:49:15,127 - plane_simulation - INFO - Найден путь из 16 waypoints
2026-03-02 10:49:15,127 - plane_simulation - INFO - Макс. отклонение от ортодромии: 153 км
2026-03-02 10:49:15,129 - plane_simulation - INFO - Симуляция самолета №1 завершена за 0.33 сек. Результат сохранен в C:\Users\RichelieuGVG\Desktop\diploma\flightplanner\plane_simulation\simulation_result.json
2026-03-02 10:49:15,131 - plane_simulation - INFO - Начало симуляции для самолета №2
2026-03-02 10:49:15,131 - plane_simulation - INFO - Загрузка waypoints из C:\Users\RichelieuGVG\Desktop\diploma\flightplanner\prohibited_zones\allowed_to_use_waypoints.json...
2026-03-02 10:49:15,133 - plane_simulation - INFO - Успешно загружено 1758 точек
2026-03-02 10:49:15,133 - plane_simulation - INFO - Маршрут: Sheremetyevo -> Pulkovo (Ортодромия: 599 км)
2026-03-02 10:49:15,148 - plane_simulation - INFO - Waypoints в коридоре ±1000 км: 305 из 1758
2026-03-02 10:49:15,150 - plane_simulation - INFO - Точка старта: R1862, Точка финиша: PONB
2026-03-02 10:49:15,150 - plane_simulation - INFO - Построение графа (k=12, 305 узлов)...
2026-03-02 10:49:15,349 - plane_simulation - INFO - Поиск кратчайшего пути (A*)...
2026-03-02 10:49:15,352 - plane_simulation - INFO - Найден путь из 10 waypoints
2026-03-02 10:49:15,352 - plane_simulation - INFO - Макс. отклонение от ортодромии: 220 км
2026-03-02 10:49:15,354 - plane_simulation - INFO - Симуляция самолета №2 завершена за 0.22 сек. Результат сохранен в C:\Users\RichelieuGVG\Desktop\diploma\flightplanner\plane_simulation\simulation_result.json
2026-03-02 10:49:15,355 - plane_simulation - INFO - Начало симуляции для самолета №3
2026-03-02 10:49:15,355 - plane_simulation - INFO - Загрузка waypoints из C:\Users\RichelieuGVG\Desktop\diploma\flightplanner\prohibited_zones\allowed_to_use_waypoints.json...
2026-03-02 10:49:15,359 - plane_simulation - INFO - Успешно загружено 1758 точек
2026-03-02 10:49:15,359 - plane_simulation - INFO - Маршрут: Kazan -> Pulkovo (Ортодромия: 1217 км)
2026-03-02 10:49:15,373 - plane_simulation - INFO - Waypoints в коридоре ±1000 км: 581 из 1758
2026-03-02 10:49:15,376 - plane_simulation - INFO - Точка старта: RITOP, Точка финиша: PONB
2026-03-02 10:49:15,376 - plane_simulation - INFO - Построение графа (k=12, 581 узлов)...
2026-03-02 10:49:16,116 - plane_simulation - INFO - Поиск кратчайшего пути (A*)...
2026-03-02 10:49:16,126 - plane_simulation - INFO - Найден путь из 13 waypoints
2026-03-02 10:49:16,126 - plane_simulation - INFO - Макс. отклонение от ортодромии: 276 км
2026-03-02 10:49:16,127 - plane_simulation - INFO - Симуляция самолета №3 завершена за 0.77 сек. Результат сохранен в C:\Users\RichelieuGVG\Desktop\diploma\flightplanner\plane_simulation\simulation_result.json
2026-03-02 10:49:16,129 - plane_simulation - INFO - Начало симуляции для самолета №4
2026-03-02 10:49:16,129 - plane_simulation - INFO - Загрузка waypoints из C:\Users\RichelieuGVG\Desktop\diploma\flightplanner\prohibited_zones\allowed_to_use_waypoints.json...
2026-03-02 10:49:16,132 - plane_simulation - INFO - Успешно загружено 1758 точек
2026-03-02 10:49:16,132 - plane_simulation - INFO - Маршрут: Tolmachevo -> Ufa (Ортодромия: 1707 км)
2026-03-02 10:49:16,151 - plane_simulation - INFO - Waypoints в коридоре ±1000 км: 485 из 1758
2026-03-02 10:49:16,153 - plane_simulation - INFO - Точка старта: RILTO, Точка финиша: ITUNA
2026-03-02 10:49:16,153 - plane_simulation - INFO - Построение графа (k=12, 485 узлов)...
2026-03-02 10:49:16,669 - plane_simulation - INFO - Поиск кратчайшего пути (A*)...
2026-03-02 10:49:16,678 - plane_simulation - INFO - Найден путь из 15 waypoints
2026-03-02 10:49:16,678 - plane_simulation - INFO - Макс. отклонение от ортодромии: 124 км
2026-03-02 10:49:16,680 - plane_simulation - INFO - Симуляция самолета №4 завершена за 0.55 сек. Результат сохранен в C:\Users\RichelieuGVG\Desktop\diploma\flightplanner\plane_simulation\simulation_result.json
2026-03-02 10:49:16,682 - plane_simulation - INFO - Начало симуляции для самолета №5
2026-03-02 10:49:16,682 - plane_simulation - INFO - Загрузка waypoints из C:\Users\RichelieuGVG\Desktop\diploma\flightplanner\prohibited_zones\allowed_to_use_waypoints.json...
2026-03-02 10:49:16,684 - plane_simulation - INFO - Успешно загружено 1758 точек
2026-03-02 10:49:16,685 - plane_simulation - INFO - Маршрут: Novy -> Ufa (Ортодромия: 5229 км)
2026-03-02 10:49:16,705 - plane_simulation - INFO - Waypoints в коридоре ±1000 км: 881 из 1758
2026-03-02 10:49:16,708 - plane_simulation - INFO - Точка старта: MR01, Точка финиша: ITUNA
2026-03-02 10:49:16,708 - plane_simulation - INFO - Построение графа (k=12, 881 узлов)...
2026-03-02 10:49:18,469 - plane_simulation - INFO - Поиск кратчайшего пути (A*)...
2026-03-02 10:49:18,496 - plane_simulation - INFO - Найден путь из 28 waypoints
2026-03-02 10:49:18,496 - plane_simulation - INFO - Макс. отклонение от ортодромии: 930 км
2026-03-02 10:49:18,498 - plane_simulation - INFO - Симуляция самолета №5 завершена за 1.82 сек. Результат сохранен в C:\Users\RichelieuGVG\Desktop\diploma\flightplanner\plane_simulation\simulation_result.json
2026-03-02 10:49:18,506 - werkzeug - INFO - 127.0.0.1 - - [02/Mar/2026 10:49:18] "POST /api/optimize HTTP/1.1" 200 -
2026-03-02 10:49:18,822 - werkzeug - INFO - 127.0.0.1 - - [02/Mar/2026 10:49:18] "GET /weather/weather_data.json?t=1772437758509 HTTP/1.1" 200 -
2026-03-02 10:49:29,790 - werkzeug - INFO - 127.0.0.1 - - [02/Mar/2026 10:49:29] "[36mGET / HTTP/1.1[0m" 304 -
2026-03-02 10:49:30,133 - werkzeug - INFO - 127.0.0.1 - - [02/Mar/2026 10:49:30] "[36mGET /static/styles.css HTTP/1.1[0m" 304 -
2026-03-02 10:49:30,134 - werkzeug - INFO - 127.0.0.1 - - [02/Mar/2026 10:49:30] "[36mGET /static/script.js HTTP/1.1[0m" 304 -
2026-03-02 10:49:30,407 - werkzeug - INFO - 127.0.0.1 - - [02/Mar/2026 10:49:30] "GET /api/waypoints HTTP/1.1" 200 -
2026-03-02 10:49:30,472 - werkzeug - INFO - 127.0.0.1 - - [02/Mar/2026 10:49:30] "[36mGET /airports/russian_civil_airports.json HTTP/1.1[0m" 304 -
2026-03-02 10:49:30,473 - werkzeug - INFO - 127.0.0.1 - - [02/Mar/2026 10:49:30] "[36mGET /static/favicon.ico HTTP/1.1[0m" 304 -
2026-03-02 10:49:33,277 - prohibited_zones - INFO - Начало генерации запретных зон (макс: 10)
2026-03-02 10:49:33,277 - prohibited_zones - INFO - Загрузка данных границ из C:\Users\RichelieuGVG\Desktop\diploma\flightplanner\prohibited_zones\state_border.json...
2026-03-02 10:49:33,302 - prohibited_zones - INFO - Граница загружена (214 колец)
2026-03-02 10:49:33,302 - prohibited_zones - INFO - Генерация зон с проверкой близости к аэропортам...
2026-03-02 10:49:34,999 - prohibited_zones - INFO - Сгенерировано зон: 2/10
2026-03-02 10:49:36,190 - prohibited_zones - INFO - Сгенерировано зон: 4/10
2026-03-02 10:49:38,134 - prohibited_zones - INFO - Сгенерировано зон: 6/10
2026-03-02 10:49:39,378 - prohibited_zones - INFO - Сгенерировано зон: 8/10
2026-03-02 10:50:00,952 - prohibited_zones - INFO - Сгенерировано зон: 10/10
2026-03-02 10:50:00,952 - prohibited_zones - INFO - Успешно сгенерировано 10 зон за 131 попыток
2026-03-02 10:50:00,956 - prohibited_zones - INFO - Генерация завершена за 27.68 сек. Результат сохранен в C:\Users\RichelieuGVG\Desktop\diploma\flightplanner\prohibited_zones\prohibited_zones.json
2026-03-02 10:50:01,052 - plane_simulation - INFO - Начало симуляции для самолета №1
2026-03-02 10:50:01,052 - plane_simulation - INFO - Загрузка waypoints из C:\Users\RichelieuGVG\Desktop\diploma\flightplanner\prohibited_zones\allowed_to_use_waypoints.json...
2026-03-02 10:50:01,064 - plane_simulation - INFO - Успешно загружено 1768 точек
2026-03-02 10:50:01,065 - plane_simulation - INFO - Маршрут: Sheremetyevo -> Kazan (Ортодромия: 742 км)
2026-03-02 10:50:01,084 - plane_simulation - INFO - Waypoints в коридоре ±1000 км: 377 из 1768
2026-03-02 10:50:01,086 - plane_simulation - INFO - Точка старта: R1862, Точка финиша: BESUN
2026-03-02 10:50:01,086 - plane_simulation - INFO - Построение графа (k=12, 377 узлов)...
2026-03-02 10:50:01,397 - plane_simulation - INFO - Поиск кратчайшего пути (A*)...
2026-03-02 10:50:01,400 - plane_simulation - INFO - Найден путь из 9 waypoints
2026-03-02 10:50:01,400 - plane_simulation - INFO - Макс. отклонение от ортодромии: 86 км
2026-03-02 10:50:01,402 - plane_simulation - INFO - Симуляция самолета №1 завершена за 0.35 сек. Результат сохранен в C:\Users\RichelieuGVG\Desktop\diploma\flightplanner\plane_simulation\simulation_result.json
2026-03-02 10:50:01,403 - plane_simulation - INFO - Начало симуляции для самолета №2
2026-03-02 10:50:01,404 - plane_simulation - INFO - Загрузка waypoints из C:\Users\RichelieuGVG\Desktop\diploma\flightplanner\prohibited_zones\allowed_to_use_waypoints.json...
2026-03-02 10:50:01,407 - plane_simulation - INFO - Успешно загружено 1768 точек
2026-03-02 10:50:01,407 - plane_simulation - INFO - Маршрут: Kurumoch -> Kazan (Ортодромия: 241 км)
2026-03-02 10:50:01,422 - plane_simulation - INFO - Waypoints в коридоре ±1000 км: 178 из 1768
2026-03-02 10:50:01,423 - plane_simulation - INFO - Точка старта: AGMAR, Точка финиша: RITOP
2026-03-02 10:50:01,425 - plane_simulation - INFO - Построение графа (k=12, 178 узлов)...
2026-03-02 10:50:01,494 - plane_simulation - INFO - Поиск кратчайшего пути (A*)...
2026-03-02 10:50:01,494 - plane_simulation - INFO - Найден путь из 4 waypoints
2026-03-02 10:50:01,498 - plane_simulation - INFO - Макс. отклонение от ортодромии: 80 км
2026-03-02 10:50:01,499 - plane_simulation - INFO - Симуляция самолета №2 завершена за 0.10 сек. Результат сохранен в C:\Users\RichelieuGVG\Desktop\diploma\flightplanner\plane_simulation\simulation_result.json
2026-03-02 10:50:01,501 - plane_simulation - INFO - Начало симуляции для самолета №3
2026-03-02 10:50:01,501 - plane_simulation - INFO - Загрузка waypoints из C:\Users\RichelieuGVG\Desktop\diploma\flightplanner\prohibited_zones\allowed_to_use_waypoints.json...
2026-03-02 10:50:01,504 - plane_simulation - INFO - Успешно загружено 1768 точек
2026-03-02 10:50:01,504 - plane_simulation - INFO - Маршрут: Novy -> Tolmachevo (Ортодромия: 3597 км)
2026-03-02 10:50:01,521 - plane_simulation - INFO - Waypoints в коридоре ±1000 км: 546 из 1768
2026-03-02 10:50:01,524 - plane_simulation - INFO - Точка старта: MR01, Точка финиша: RILTO
2026-03-02 10:50:01,524 - plane_simulation - INFO - Построение графа (k=12, 546 узлов)...
2026-03-02 10:50:02,173 - plane_simulation - INFO - Поиск кратчайшего пути (A*)...
2026-03-02 10:50:02,190 - plane_simulation - INFO - Найден путь из 25 waypoints
2026-03-02 10:50:02,191 - plane_simulation - INFO - Макс. отклонение от ортодромии: 761 км
2026-03-02 10:50:02,194 - plane_simulation - INFO - Симуляция самолета №3 завершена за 0.69 сек. Результат сохранен в C:\Users\RichelieuGVG\Desktop\diploma\flightplanner\plane_simulation\simulation_result.json
2026-03-02 10:50:02,195 - plane_simulation - INFO - Начало симуляции для самолета №4
2026-03-02 10:50:02,196 - plane_simulation - INFO - Загрузка waypoints из C:\Users\RichelieuGVG\Desktop\diploma\flightplanner\prohibited_zones\allowed_to_use_waypoints.json...
2026-03-02 10:50:02,199 - plane_simulation - INFO - Успешно загружено 1768 точек
2026-03-02 10:50:02,199 - plane_simulation - INFO - Маршрут: Ufa -> Yelizovo (Ортодромия: 6094 км)
2026-03-02 10:50:02,218 - plane_simulation - INFO - Waypoints в коридоре ±1000 км: 1115 из 1768
2026-03-02 10:50:02,223 - plane_simulation - INFO - Точка старта: ITUNA, Точка финиша: PETIN
2026-03-02 10:50:02,224 - plane_simulation - INFO - Построение графа (k=12, 1115 узлов)...
2026-03-02 10:50:05,018 - plane_simulation - INFO - Поиск кратчайшего пути (A*)...
2026-03-02 10:50:05,054 - plane_simulation - INFO - Найден путь из 27 waypoints
2026-03-02 10:50:05,054 - plane_simulation - INFO - Макс. отклонение от ортодромии: 979 км
2026-03-02 10:50:05,060 - plane_simulation - INFO - Симуляция самолета №4 завершена за 2.86 сек. Результат сохранен в C:\Users\RichelieuGVG\Desktop\diploma\flightplanner\plane_simulation\simulation_result.json
2026-03-02 10:50:05,063 - plane_simulation - INFO - Начало симуляции для самолета №5
2026-03-02 10:50:05,063 - plane_simulation - INFO - Загрузка waypoints из C:\Users\RichelieuGVG\Desktop\diploma\flightplanner\prohibited_zones\allowed_to_use_waypoints.json...
2026-03-02 10:50:05,066 - plane_simulation - INFO - Успешно загружено 1768 точек
2026-03-02 10:50:05,066 - plane_simulation - INFO - Маршрут: Yelizovo -> Pulkovo (Ортодромия: 6632 км)
2026-03-02 10:50:05,082 - plane_simulation - INFO - Waypoints в коридоре ±1000 км: 644 из 1768
2026-03-02 10:50:05,085 - plane_simulation - INFO - Точка старта: PETIN, Точка финиша: PONB
2026-03-02 10:50:05,086 - plane_simulation - INFO - Построение графа (k=12, 644 узлов)...
2026-03-02 10:50:06,012 - plane_simulation - INFO - Поиск кратчайшего пути (A*)...
2026-03-02 10:50:06,026 - plane_simulation - INFO - Найден путь из 21 waypoints
2026-03-02 10:50:06,026 - plane_simulation - INFO - Макс. отклонение от ортодромии: 921 км
2026-03-02 10:50:06,028 - plane_simulation - INFO - Симуляция самолета №5 завершена за 0.96 сек. Результат сохранен в C:\Users\RichelieuGVG\Desktop\diploma\flightplanner\plane_simulation\simulation_result.json
2026-03-02 10:50:06,036 - werkzeug - INFO - 127.0.0.1 - - [02/Mar/2026 10:50:06] "POST /api/optimize HTTP/1.1" 200 -
2026-03-02 10:50:06,355 - werkzeug - INFO - 127.0.0.1 - - [02/Mar/2026 10:50:06] "GET /weather/weather_data.json?t=1772437806042 HTTP/1.1" 200 -
2026-03-02 10:53:42,271 - werkzeug - INFO -  * Detected change in 'C:\\Users\\RichelieuGVG\\Desktop\\diploma\\flightplanner\\plane_simulation\\plane_simulation.py', reloading
2026-03-02 10:53:42,276 - werkzeug - INFO -  * Detected change in 'C:\\Users\\RichelieuGVG\\Desktop\\diploma\\flightplanner\\plane_simulation\\plane_simulation.py', reloading
2026-03-02 10:53:42,276 - werkzeug - INFO -  * Detected change in 'C:\\Users\\RichelieuGVG\\Desktop\\diploma\\flightplanner\\plane_simulation\\plane_simulation.py', reloading
2026-03-02 10:53:43,315 - werkzeug - INFO -  * Restarting with watchdog (windowsapi)
2026-03-02 10:53:43,824 - werkzeug - WARNING -  * Debugger is active!
2026-03-02 10:53:43,836 - werkzeug - INFO -  * Debugger PIN: 133-895-586
2026-03-02 10:54:00,511 - werkzeug - INFO -  * Detected change in 'C:\\Users\\RichelieuGVG\\Desktop\\diploma\\flightplanner\\plane_simulation\\plane_simulation.py', reloading
2026-03-02 10:54:00,512 - werkzeug - INFO -  * Detected change in 'C:\\Users\\RichelieuGVG\\Desktop\\diploma\\flightplanner\\plane_simulation\\plane_simulation.py', reloading
2026-03-02 10:54:00,513 - werkzeug - INFO -  * Detected change in 'C:\\Users\\RichelieuGVG\\Desktop\\diploma\\flightplanner\\plane_simulation\\plane_simulation.py', reloading
2026-03-02 10:54:01,557 - werkzeug - INFO -  * Restarting with watchdog (windowsapi)
2026-03-02 10:54:02,031 - werkzeug - WARNING -  * Debugger is active!
2026-03-02 10:54:02,045 - werkzeug - INFO -  * Debugger PIN: 133-895-586
2026-03-02 10:55:12,878 - plane_simulation - INFO - Начало симуляции для самолета №1
2026-03-02 10:55:12,878 - plane_simulation - INFO - Загрузка waypoints из C:\Users\RichelieuGVG\Desktop\diploma\flightplanner\prohibited_zones\allowed_to_use_waypoints.json...
2026-03-02 10:55:12,880 - plane_simulation - INFO - Успешно загружено 1768 точек
2026-03-02 10:55:12,881 - plane_simulation - INFO - Загружено 10 запретных зон для проверки пересечений
2026-03-02 10:55:12,881 - plane_simulation - INFO - Маршрут: Sheremetyevo -> Kurumoch (Ортодромия: 862 км)
2026-03-02 10:55:12,895 - plane_simulation - INFO - Waypoints в коридоре ±1000 км: 432 из 1768
2026-03-02 10:55:12,897 - plane_simulation - INFO - Точка старта: R1862, Точка финиша: AGMAR
2026-03-02 10:55:12,897 - plane_simulation - INFO - Построение графа (k=12, 432 узлов) с проверкой зон...
2026-03-02 10:55:13,951 - plane_simulation - INFO - Поиск кратчайшего пути (A*)...
2026-03-02 10:55:13,956 - plane_simulation - INFO - Найден путь из 12 waypoints
2026-03-02 10:55:13,956 - plane_simulation - INFO - Макс. отклонение от ортодромии: 121 км
2026-03-02 10:55:13,957 - plane_simulation - INFO - Симуляция самолета №1 завершена за 1.08 сек. Результат сохранен в C:\Users\RichelieuGVG\Desktop\diploma\flightplanner\plane_simulation\simulation_result.json
2026-03-02 10:55:13,957 - plane_simulation - INFO - Начало симуляции для самолета №2
2026-03-02 10:55:13,958 - plane_simulation - INFO - Загрузка waypoints из C:\Users\RichelieuGVG\Desktop\diploma\flightplanner\prohibited_zones\allowed_to_use_waypoints.json...
2026-03-02 10:55:13,961 - plane_simulation - INFO - Успешно загружено 1768 точек
2026-03-02 10:55:13,961 - plane_simulation - INFO - Загружено 10 запретных зон для проверки пересечений
2026-03-02 10:55:13,961 - plane_simulation - INFO - Маршрут: Yelizovo -> Novy (Ортодромия: 1704 км)
2026-03-02 10:55:13,973 - plane_simulation - INFO - Waypoints в коридоре ±1000 км: 236 из 1768
2026-03-02 10:55:13,974 - plane_simulation - INFO - Точка старта: PETIN, Точка финиша: MR01
2026-03-02 10:55:13,974 - plane_simulation - INFO - Построение графа (k=12, 236 узлов) с проверкой зон...
2026-03-02 10:55:14,460 - plane_simulation - INFO - Поиск кратчайшего пути (A*)...
2026-03-02 10:55:14,464 - plane_simulation - INFO - Найден путь из 12 waypoints
2026-03-02 10:55:14,465 - plane_simulation - INFO - Макс. отклонение от ортодромии: 100 км
2026-03-02 10:55:14,466 - plane_simulation - INFO - Симуляция самолета №2 завершена за 0.51 сек. Результат сохранен в C:\Users\RichelieuGVG\Desktop\diploma\flightplanner\plane_simulation\simulation_result.json
2026-03-02 10:55:14,467 - plane_simulation - INFO - Начало симуляции для самолета №3
2026-03-02 10:55:14,467 - plane_simulation - INFO - Загрузка waypoints из C:\Users\RichelieuGVG\Desktop\diploma\flightplanner\prohibited_zones\allowed_to_use_waypoints.json...
2026-03-02 10:55:14,469 - plane_simulation - INFO - Успешно загружено 1768 точек
2026-03-02 10:55:14,470 - plane_simulation - INFO - Загружено 10 запретных зон для проверки пересечений
2026-03-02 10:55:14,470 - plane_simulation - INFO - Маршрут: Kazan -> Sochi (Ортодромия: 1507 км)
2026-03-02 10:55:14,486 - plane_simulation - INFO - Waypoints в коридоре ±1000 км: 750 из 1768
2026-03-02 10:55:14,490 - plane_simulation - INFO - Точка старта: RITOP, Точка финиша: ADLEM
2026-03-02 10:55:14,490 - plane_simulation - INFO - Построение графа (k=12, 750 узлов) с проверкой зон...
2026-03-02 10:55:16,877 - plane_simulation - INFO - Поиск кратчайшего пути (A*)...
2026-03-02 10:55:16,890 - plane_simulation - INFO - Найден путь из 16 waypoints
2026-03-02 10:55:16,891 - plane_simulation - INFO - Макс. отклонение от ортодромии: 121 км
2026-03-02 10:55:16,892 - plane_simulation - INFO - Симуляция самолета №3 завершена за 2.43 сек. Результат сохранен в C:\Users\RichelieuGVG\Desktop\diploma\flightplanner\plane_simulation\simulation_result.json
2026-03-02 10:55:16,893 - plane_simulation - INFO - Начало симуляции для самолета №4
2026-03-02 10:55:16,893 - plane_simulation - INFO - Загрузка waypoints из C:\Users\RichelieuGVG\Desktop\diploma\flightplanner\prohibited_zones\allowed_to_use_waypoints.json...
2026-03-02 10:55:16,896 - plane_simulation - INFO - Успешно загружено 1768 точек
2026-03-02 10:55:16,896 - plane_simulation - INFO - Загружено 10 запретных зон для проверки пересечений
2026-03-02 10:55:16,896 - plane_simulation - INFO - Маршрут: Tolmachevo -> Sochi (Ортодромия: 3293 км)
2026-03-02 10:55:16,913 - plane_simulation - INFO - Waypoints в коридоре ±1000 км: 895 из 1768
2026-03-02 10:55:16,917 - plane_simulation - INFO - Точка старта: RILTO, Точка финиша: ADLEM
2026-03-02 10:55:16,917 - plane_simulation - INFO - Построение графа (k=12, 895 узлов) с проверкой зон...
2026-03-02 10:55:20,029 - plane_simulation - INFO - Поиск кратчайшего пути (A*)...
2026-03-02 10:55:20,051 - plane_simulation - INFO - Найден путь из 30 waypoints
2026-03-02 10:55:20,052 - plane_simulation - INFO - Макс. отклонение от ортодромии: 471 км
2026-03-02 10:55:20,053 - plane_simulation - INFO - Симуляция самолета №4 завершена за 3.16 сек. Результат сохранен в C:\Users\RichelieuGVG\Desktop\diploma\flightplanner\plane_simulation\simulation_result.json
2026-03-02 10:55:20,054 - plane_simulation - INFO - Начало симуляции для самолета №5
2026-03-02 10:55:20,054 - plane_simulation - INFO - Загрузка waypoints из C:\Users\RichelieuGVG\Desktop\diploma\flightplanner\prohibited_zones\allowed_to_use_waypoints.json...
2026-03-02 10:55:20,057 - plane_simulation - INFO - Успешно загружено 1768 точек
2026-03-02 10:55:20,057 - plane_simulation - INFO - Загружено 10 запретных зон для проверки пересечений
2026-03-02 10:55:20,058 - plane_simulation - INFO - Маршрут: Novy -> Yelizovo (Ортодромия: 1704 км)
2026-03-02 10:55:20,069 - plane_simulation - INFO - Waypoints в коридоре ±1000 км: 286 из 1768
2026-03-02 10:55:20,071 - plane_simulation - INFO - Точка старта: MR01, Точка финиша: PETIN
2026-03-02 10:55:20,071 - plane_simulation - INFO - Построение графа (k=12, 286 узлов) с проверкой зон...
2026-03-02 10:55:20,671 - plane_simulation - INFO - Поиск кратчайшего пути (A*)...
2026-03-02 10:55:20,679 - plane_simulation - INFO - Найден путь из 12 waypoints
2026-03-02 10:55:20,679 - plane_simulation - INFO - Макс. отклонение от ортодромии: 183 км
2026-03-02 10:55:20,680 - plane_simulation - INFO - Симуляция самолета №5 завершена за 0.63 сек. Результат сохранен в C:\Users\RichelieuGVG\Desktop\diploma\flightplanner\plane_simulation\simulation_result.json
2026-03-02 10:55:54,349 - werkzeug - INFO - 127.0.0.1 - - [02/Mar/2026 10:55:54] "[36mGET / HTTP/1.1[0m" 304 -
2026-03-02 10:55:54,594 - werkzeug - INFO - 127.0.0.1 - - [02/Mar/2026 10:55:54] "[36mGET /static/styles.css HTTP/1.1[0m" 304 -
2026-03-02 10:55:54,686 - werkzeug - INFO - 127.0.0.1 - - [02/Mar/2026 10:55:54] "[36mGET /static/script.js HTTP/1.1[0m" 304 -
2026-03-02 10:55:54,774 - werkzeug - INFO - 127.0.0.1 - - [02/Mar/2026 10:55:54] "GET /api/waypoints HTTP/1.1" 200 -
2026-03-02 10:55:55,069 - werkzeug - INFO - 127.0.0.1 - - [02/Mar/2026 10:55:55] "[36mGET /airports/russian_civil_airports.json HTTP/1.1[0m" 304 -
2026-03-02 10:55:55,085 - werkzeug - INFO - 127.0.0.1 - - [02/Mar/2026 10:55:55] "[36mGET /static/favicon.ico HTTP/1.1[0m" 304 -
2026-03-02 10:55:57,599 - plane_simulation - INFO - Начало симуляции для самолета №1
2026-03-02 10:55:57,599 - plane_simulation - INFO - Загрузка waypoints из C:\Users\RichelieuGVG\Desktop\diploma\flightplanner\prohibited_zones\allowed_to_use_waypoints.json...
2026-03-02 10:55:57,601 - plane_simulation - INFO - Успешно загружено 1768 точек
2026-03-02 10:55:57,602 - plane_simulation - INFO - Загружено 10 запретных зон для проверки пересечений
2026-03-02 10:55:57,602 - plane_simulation - INFO - Маршрут: Novy -> Yelizovo (Ортодромия: 1704 км)
2026-03-02 10:55:57,617 - plane_simulation - INFO - Waypoints в коридоре ±1000 км: 286 из 1768
2026-03-02 10:55:57,618 - plane_simulation - INFO - Точка старта: MR01, Точка финиша: PETIN
2026-03-02 10:55:57,618 - plane_simulation - INFO - Построение графа (k=12, 286 узлов) с проверкой зон...
2026-03-02 10:55:58,223 - plane_simulation - INFO - Поиск кратчайшего пути (A*)...
2026-03-02 10:55:58,231 - plane_simulation - INFO - Найден путь из 12 waypoints
2026-03-02 10:55:58,231 - plane_simulation - INFO - Макс. отклонение от ортодромии: 183 км
2026-03-02 10:55:58,232 - plane_simulation - INFO - Симуляция самолета №1 завершена за 0.63 сек. Результат сохранен в C:\Users\RichelieuGVG\Desktop\diploma\flightplanner\plane_simulation\simulation_result.json
2026-03-02 10:55:58,233 - plane_simulation - INFO - Начало симуляции для самолета №2
2026-03-02 10:55:58,233 - plane_simulation - INFO - Загрузка waypoints из C:\Users\RichelieuGVG\Desktop\diploma\flightplanner\prohibited_zones\allowed_to_use_waypoints.json...
2026-03-02 10:55:58,236 - plane_simulation - INFO - Успешно загружено 1768 точек
2026-03-02 10:55:58,237 - plane_simulation - INFO - Загружено 10 запретных зон для проверки пересечений
2026-03-02 10:55:58,237 - plane_simulation - INFO - Маршрут: Tolmachevo -> Kazan (Ортодромия: 2093 км)
2026-03-02 10:55:58,256 - plane_simulation - INFO - Waypoints в коридоре ±1000 км: 570 из 1768
2026-03-02 10:55:58,258 - plane_simulation - INFO - Точка старта: RILTO, Точка финиша: RITOP
2026-03-02 10:55:58,258 - plane_simulation - INFO - Построение графа (k=12, 570 узлов) с проверкой зон...
2026-03-02 10:55:59,859 - plane_simulation - INFO - Поиск кратчайшего пути (A*)...
2026-03-02 10:55:59,872 - plane_simulation - INFO - Найден путь из 18 waypoints
2026-03-02 10:55:59,872 - plane_simulation - INFO - Макс. отклонение от ортодромии: 126 км
2026-03-02 10:55:59,874 - plane_simulation - INFO - Симуляция самолета №2 завершена за 1.64 сек. Результат сохранен в C:\Users\RichelieuGVG\Desktop\diploma\flightplanner\plane_simulation\simulation_result.json
2026-03-02 10:55:59,875 - plane_simulation - INFO - Начало симуляции для самолета №3
2026-03-02 10:55:59,876 - plane_simulation - INFO - Загрузка waypoints из C:\Users\RichelieuGVG\Desktop\diploma\flightplanner\prohibited_zones\allowed_to_use_waypoints.json...
2026-03-02 10:55:59,879 - plane_simulation - INFO - Успешно загружено 1768 точек
2026-03-02 10:55:59,880 - plane_simulation - INFO - Загружено 10 запретных зон для проверки пересечений
2026-03-02 10:55:59,880 - plane_simulation - INFO - Маршрут: Pulkovo -> Kazan (Ортодромия: 1217 км)
2026-03-02 10:55:59,894 - plane_simulation - INFO - Waypoints в коридоре ±1000 км: 406 из 1768
2026-03-02 10:55:59,895 - plane_simulation - INFO - Точка старта: PONB, Точка финиша: BESUN
2026-03-02 10:55:59,896 - plane_simulation - INFO - Построение графа (k=12, 406 узлов) с проверкой зон...
2026-03-02 10:56:00,882 - plane_simulation - INFO - Поиск кратчайшего пути (A*)...
2026-03-02 10:56:00,888 - plane_simulation - INFO - Найден путь из 13 waypoints
2026-03-02 10:56:00,889 - plane_simulation - INFO - Макс. отклонение от ортодромии: 231 км
2026-03-02 10:56:00,891 - plane_simulation - INFO - Симуляция самолета №3 завершена за 1.02 сек. Результат сохранен в C:\Users\RichelieuGVG\Desktop\diploma\flightplanner\plane_simulation\simulation_result.json
2026-03-02 10:56:00,892 - plane_simulation - INFO - Начало симуляции для самолета №4
2026-03-02 10:56:00,892 - plane_simulation - INFO - Загрузка waypoints из C:\Users\RichelieuGVG\Desktop\diploma\flightplanner\prohibited_zones\allowed_to_use_waypoints.json...
2026-03-02 10:56:00,896 - plane_simulation - INFO - Успешно загружено 1768 точек
2026-03-02 10:56:00,897 - plane_simulation - INFO - Загружено 10 запретных зон для проверки пересечений
2026-03-02 10:56:00,897 - plane_simulation - INFO - Маршрут: Ufa -> Novy (Ортодромия: 5229 км)
2026-03-02 10:56:00,916 - plane_simulation - INFO - Waypoints в коридоре ±1000 км: 1200 из 1768
2026-03-02 10:56:00,922 - plane_simulation - INFO - Точка старта: ITUNA, Точка финиша: MR01
2026-03-02 10:56:00,922 - plane_simulation - INFO - Построение графа (k=12, 1200 узлов) с проверкой зон...
2026-03-02 10:56:06,066 - plane_simulation - INFO - Поиск кратчайшего пути (A*)...
2026-03-02 10:56:06,119 - plane_simulation - INFO - Найден путь из 31 waypoints
2026-03-02 10:56:06,120 - plane_simulation - INFO - Макс. отклонение от ортодромии: 905 км
2026-03-02 10:56:06,123 - plane_simulation - INFO - Симуляция самолета №4 завершена за 5.23 сек. Результат сохранен в C:\Users\RichelieuGVG\Desktop\diploma\flightplanner\plane_simulation\simulation_result.json
2026-03-02 10:56:06,127 - plane_simulation - INFO - Начало симуляции для самолета №5
2026-03-02 10:56:06,128 - plane_simulation - INFO - Загрузка waypoints из C:\Users\RichelieuGVG\Desktop\diploma\flightplanner\prohibited_zones\allowed_to_use_waypoints.json...
2026-03-02 10:56:06,132 - plane_simulation - INFO - Успешно загружено 1768 точек
2026-03-02 10:56:06,133 - plane_simulation - INFO - Загружено 10 запретных зон для проверки пересечений
2026-03-02 10:56:06,136 - plane_simulation - INFO - Маршрут: Pulkovo -> Kurumoch (Ортодромия: 1396 км)
2026-03-02 10:56:06,155 - plane_simulation - INFO - Waypoints в коридоре ±1000 км: 490 из 1768
2026-03-02 10:56:06,158 - plane_simulation - INFO - Точка старта: PONB, Точка финиша: AGMAR
2026-03-02 10:56:06,158 - plane_simulation - INFO - Построение графа (k=12, 490 узлов) с проверкой зон...
2026-03-02 10:56:07,491 - plane_simulation - INFO - Поиск кратчайшего пути (A*)...
2026-03-02 10:56:07,501 - plane_simulation - INFO - Найден путь из 16 waypoints
2026-03-02 10:56:07,501 - plane_simulation - INFO - Макс. отклонение от ортодромии: 353 км
2026-03-02 10:56:07,502 - plane_simulation - INFO - Симуляция самолета №5 завершена за 1.38 сек. Результат сохранен в C:\Users\RichelieuGVG\Desktop\diploma\flightplanner\plane_simulation\simulation_result.json
2026-03-02 10:56:07,510 - werkzeug - INFO - 127.0.0.1 - - [02/Mar/2026 10:56:07] "POST /api/optimize HTTP/1.1" 200 -
2026-03-02 10:56:07,517 - werkzeug - INFO - 127.0.0.1 - - [02/Mar/2026 10:56:07] "GET /weather/weather_data.json?t=1772438167515 HTTP/1.1" 200 -
2026-03-02 11:43:50,125 - werkzeug - INFO -  * Detected change in 'C:\\Users\\RichelieuGVG\\Desktop\\diploma\\flightplanner\\backend.py', reloading
2026-03-02 11:43:50,127 - werkzeug - INFO -  * Detected change in 'C:\\Users\\RichelieuGVG\\Desktop\\diploma\\flightplanner\\deprecated first version\\backend.py', reloading
2026-03-02 11:43:50,221 - werkzeug - INFO -  * Detected change in 'C:\\Users\\RichelieuGVG\\Desktop\\diploma\\flightplanner\\plane_simulation\\__init__.py', reloading
2026-03-02 11:43:50,222 - werkzeug - INFO -  * Detected change in 'C:\\Users\\RichelieuGVG\\Desktop\\diploma\\flightplanner\\plane_simulation\\plane_generator.py', reloading
2026-03-02 11:43:50,225 - werkzeug - INFO -  * Detected change in 'C:\\Users\\RichelieuGVG\\Desktop\\diploma\\flightplanner\\prohibited_zones\\filter_waypoints.py', reloading
2026-03-02 11:43:50,227 - werkzeug - INFO -  * Detected change in 'C:\\Users\\RichelieuGVG\\Desktop\\diploma\\flightplanner\\prohibited_zones\\prohibited_zones.py', reloading
2026-03-02 11:43:50,235 - werkzeug - INFO -  * Detected change in 'C:\\Users\\RichelieuGVG\\Desktop\\diploma\\flightplanner\\prohibited_zones\\state_borders.py', reloading
2026-03-02 11:43:51,298 - werkzeug - INFO -  * Restarting with watchdog (windowsapi)
2026-03-02 11:43:51,855 - werkzeug - WARNING -  * Debugger is active!
2026-03-02 11:43:51,870 - werkzeug - INFO -  * Debugger PIN: 133-895-586
2026-03-02 11:43:55,296 - werkzeug - INFO -  * Detected change in 'C:\\Users\\RichelieuGVG\\Desktop\\diploma\\flightplanner\\weather\\weather_generator — копия.py', reloading
2026-03-02 11:43:56,342 - werkzeug - INFO -  * Restarting with watchdog (windowsapi)
2026-03-02 11:43:56,807 - werkzeug - WARNING -  * Debugger is active!
2026-03-02 11:43:56,820 - werkzeug - INFO -  * Debugger PIN: 133-895-586
2026-03-02 12:04:35,757 - werkzeug - INFO -  * Detected change in 'C:\\Users\\RichelieuGVG\\Desktop\\diploma\\flightplanner\\plane_simulation\\plane_simulation.py', reloading
2026-03-02 12:04:36,793 - werkzeug - INFO -  * Restarting with watchdog (windowsapi)
2026-03-02 12:04:37,250 - werkzeug - WARNING -  * Debugger is active!
2026-03-02 12:04:37,261 - werkzeug - INFO -  * Debugger PIN: 133-895-586
2026-03-02 15:00:03,376 - werkzeug - INFO - [31m[1mWARNING: This is a development server. Do not use it in a production deployment. Use a production WSGI server instead.[0m
 * Running on all addresses (0.0.0.0)
 * Running on http://127.0.0.1:5000
 * Running on http://10.17.46.52:5000
2026-03-02 15:00:03,377 - werkzeug - INFO - [33mPress CTRL+C to quit[0m
2026-03-02 15:00:03,394 - werkzeug - INFO -  * Restarting with watchdog (windowsapi)
2026-03-02 15:00:03,829 - werkzeug - WARNING -  * Debugger is active!
2026-03-02 15:00:03,846 - werkzeug - INFO -  * Debugger PIN: 133-895-586
2026-03-02 15:00:03,868 - werkzeug - INFO - 127.0.0.1 - - [02/Mar/2026 15:00:03] "GET / HTTP/1.1" 200 -
2026-03-02 15:00:03,893 - werkzeug - INFO - 127.0.0.1 - - [02/Mar/2026 15:00:03] "GET /static/styles.css HTTP/1.1" 200 -
2026-03-02 15:00:04,209 - werkzeug - INFO - 127.0.0.1 - - [02/Mar/2026 15:00:04] "GET /static/script.js HTTP/1.1" 200 -
2026-03-02 15:00:04,547 - werkzeug - INFO - 127.0.0.1 - - [02/Mar/2026 15:00:04] "GET /api/waypoints HTTP/1.1" 200 -
2026-03-02 15:00:04,548 - werkzeug - INFO - 127.0.0.1 - - [02/Mar/2026 15:00:04] "[36mGET /airports/russian_civil_airports.json HTTP/1.1[0m" 304 -
2026-03-02 15:00:04,576 - werkzeug - INFO - 127.0.0.1 - - [02/Mar/2026 15:00:04] "[36mGET /static/favicon.ico HTTP/1.1[0m" 304 -
2026-03-02 15:03:23,584 - werkzeug - INFO - 127.0.0.1 - - [02/Mar/2026 15:03:23] "[36mGET / HTTP/1.1[0m" 304 -
2026-03-02 15:03:23,833 - werkzeug - INFO - 127.0.0.1 - - [02/Mar/2026 15:03:23] "GET /static/styles.css HTTP/1.1" 200 -
2026-03-02 15:03:23,924 - werkzeug - INFO - 127.0.0.1 - - [02/Mar/2026 15:03:23] "[36mGET /static/script.js HTTP/1.1[0m" 304 -
2026-03-02 15:03:23,950 - werkzeug - INFO - 127.0.0.1 - - [02/Mar/2026 15:03:23] "GET /api/waypoints HTTP/1.1" 200 -
2026-03-02 15:03:24,250 - werkzeug - INFO - 127.0.0.1 - - [02/Mar/2026 15:03:24] "[36mGET /airports/russian_civil_airports.json HTTP/1.1[0m" 304 -
2026-03-02 15:03:24,254 - werkzeug - INFO - 127.0.0.1 - - [02/Mar/2026 15:03:24] "[36mGET /static/favicon.ico HTTP/1.1[0m" 304 -
2026-03-02 15:06:20,741 - werkzeug - INFO - 127.0.0.1 - - [02/Mar/2026 15:06:20] "POST /api/optimize HTTP/1.1" 200 -
2026-03-02 15:06:20,994 - werkzeug - INFO - 127.0.0.1 - - [02/Mar/2026 15:06:20] "GET /weather/weather_data.json?t=1772453180749 HTTP/1.1" 200 -
2026-03-02 15:22:09,105 - werkzeug - INFO - 127.0.0.1 - - [02/Mar/2026 15:22:09] "[36mGET / HTTP/1.1[0m" 304 -
2026-03-02 15:22:09,352 - werkzeug - INFO - 127.0.0.1 - - [02/Mar/2026 15:22:09] "[36mGET /static/styles.css HTTP/1.1[0m" 304 -
2026-03-02 15:22:09,444 - werkzeug - INFO - 127.0.0.1 - - [02/Mar/2026 15:22:09] "GET /static/script.js HTTP/1.1" 200 -
2026-03-02 15:22:09,468 - werkzeug - INFO - 127.0.0.1 - - [02/Mar/2026 15:22:09] "GET /api/waypoints HTTP/1.1" 200 -
2026-03-02 15:22:09,766 - werkzeug - INFO - 127.0.0.1 - - [02/Mar/2026 15:22:09] "[36mGET /airports/russian_civil_airports.json HTTP/1.1[0m" 304 -
2026-03-02 15:22:09,813 - werkzeug - INFO - 127.0.0.1 - - [02/Mar/2026 15:22:09] "[36mGET /static/favicon.ico HTTP/1.1[0m" 304 -
2026-03-02 15:22:10,648 - werkzeug - INFO - 127.0.0.1 - - [02/Mar/2026 15:22:10] "POST /api/optimize HTTP/1.1" 200 -
2026-03-02 15:22:10,909 - werkzeug - INFO - 127.0.0.1 - - [02/Mar/2026 15:22:10] "GET /weather/weather_data.json?t=1772454130654 HTTP/1.1" 200 -
2026-03-03 13:07:28,719 - werkzeug - INFO - [31m[1mWARNING: This is a development server. Do not use it in a production deployment. Use a production WSGI server instead.[0m
 * Running on all addresses (0.0.0.0)
 * Running on http://127.0.0.1:5000
 * Running on http://10.17.46.52:5000
2026-03-03 13:07:28,720 - werkzeug - INFO - [33mPress CTRL+C to quit[0m
2026-03-03 13:07:28,750 - werkzeug - INFO -  * Restarting with watchdog (windowsapi)
2026-03-03 13:07:29,208 - werkzeug - WARNING -  * Debugger is active!
2026-03-03 13:07:29,224 - werkzeug - INFO -  * Debugger PIN: 133-895-586
2026-03-03 13:07:31,942 - werkzeug - INFO - 127.0.0.1 - - [03/Mar/2026 13:07:31] "GET / HTTP/1.1" 200 -
2026-03-03 13:07:32,193 - werkzeug - INFO - 127.0.0.1 - - [03/Mar/2026 13:07:32] "GET /static/styles.css HTTP/1.1" 200 -
2026-03-03 13:07:32,289 - werkzeug - INFO - 127.0.0.1 - - [03/Mar/2026 13:07:32] "GET /static/script.js HTTP/1.1" 200 -
2026-03-03 13:07:32,782 - werkzeug - INFO - 127.0.0.1 - - [03/Mar/2026 13:07:32] "GET /api/waypoints HTTP/1.1" 200 -
2026-03-03 13:07:33,087 - werkzeug - INFO - 127.0.0.1 - - [03/Mar/2026 13:07:33] "GET /airports/russian_civil_airports.json HTTP/1.1" 200 -
2026-03-03 13:07:34,247 - werkzeug - INFO - 127.0.0.1 - - [03/Mar/2026 13:07:34] "GET /static/favicon.ico HTTP/1.1" 200 -
2026-03-03 13:07:34,524 - werkzeug - INFO - 127.0.0.1 - - [03/Mar/2026 13:07:34] "POST /api/optimize HTTP/1.1" 200 -
2026-03-03 13:07:34,618 - werkzeug - INFO - 127.0.0.1 - - [03/Mar/2026 13:07:34] "GET /weather/weather_data.json?t=1772532454530 HTTP/1.1" 200 -
2026-03-03 14:49:03,177 - werkzeug - INFO - [31m[1mWARNING: This is a development server. Do not use it in a production deployment. Use a production WSGI server instead.[0m
 * Running on all addresses (0.0.0.0)
 * Running on http://127.0.0.1:5000
 * Running on http://10.17.46.52:5000
2026-03-03 14:49:03,177 - werkzeug - INFO - [33mPress CTRL+C to quit[0m
2026-03-03 14:49:03,203 - werkzeug - INFO -  * Restarting with watchdog (windowsapi)
2026-03-03 14:49:03,799 - werkzeug - WARNING -  * Debugger is active!
2026-03-03 14:49:03,829 - werkzeug - INFO -  * Debugger PIN: 133-895-586
2026-03-03 14:49:12,925 - werkzeug - INFO - 127.0.0.1 - - [03/Mar/2026 14:49:12] "HEAD /api/aircraft_types HTTP/1.1" 200 -
2026-03-03 14:49:12,927 - werkzeug - INFO - 127.0.0.1 - - [03/Mar/2026 14:49:12] "GET /api/aircraft_types HTTP/1.1" 200 -
2026-03-03 15:00:44,903 - werkzeug - INFO - 127.0.0.1 - - [03/Mar/2026 15:00:44] "[36mGET / HTTP/1.1[0m" 304 -
2026-03-03 15:00:45,155 - werkzeug - INFO - 127.0.0.1 - - [03/Mar/2026 15:00:45] "[36mGET /static/styles.css HTTP/1.1[0m" 304 -
2026-03-03 15:00:45,253 - werkzeug - INFO - 127.0.0.1 - - [03/Mar/2026 15:00:45] "GET /static/script.js HTTP/1.1" 200 -
2026-03-03 15:00:45,281 - werkzeug - INFO - 127.0.0.1 - - [03/Mar/2026 15:00:45] "GET /api/waypoints HTTP/1.1" 200 -
2026-03-03 15:00:45,577 - werkzeug - INFO - 127.0.0.1 - - [03/Mar/2026 15:00:45] "GET /api/aircraft_types HTTP/1.1" 200 -
2026-03-03 15:00:45,589 - werkzeug - INFO - 127.0.0.1 - - [03/Mar/2026 15:00:45] "[36mGET /airports/russian_civil_airports.json HTTP/1.1[0m" 304 -
2026-03-03 15:00:45,633 - werkzeug - INFO - 127.0.0.1 - - [03/Mar/2026 15:00:45] "[36mGET /static/favicon.ico HTTP/1.1[0m" 304 -
2026-03-03 15:02:39,359 - werkzeug - INFO - [31m[1mWARNING: This is a development server. Do not use it in a production deployment. Use a production WSGI server instead.[0m
 * Running on all addresses (0.0.0.0)
 * Running on http://127.0.0.1:5000
 * Running on http://10.17.46.52:5000
2026-03-03 15:02:39,359 - werkzeug - INFO - [33mPress CTRL+C to quit[0m
2026-03-03 15:02:39,379 - werkzeug - INFO -  * Restarting with watchdog (windowsapi)
2026-03-03 15:02:39,886 - werkzeug - WARNING -  * Debugger is active!
2026-03-03 15:02:39,898 - werkzeug - INFO -  * Debugger PIN: 133-895-586
2026-03-03 15:02:52,590 - werkzeug - INFO - 127.0.0.1 - - [03/Mar/2026 15:02:52] "GET / HTTP/1.1" 200 -
2026-03-03 15:02:52,612 - werkzeug - INFO - 127.0.0.1 - - [03/Mar/2026 15:02:52] "GET /static/styles.css HTTP/1.1" 200 -
2026-03-03 15:02:52,846 - werkzeug - INFO - 127.0.0.1 - - [03/Mar/2026 15:02:52] "GET /static/script.js HTTP/1.1" 200 -
2026-03-03 15:02:53,413 - werkzeug - INFO - 127.0.0.1 - - [03/Mar/2026 15:02:53] "GET /api/waypoints HTTP/1.1" 200 -
2026-03-03 15:02:53,418 - werkzeug - INFO - 127.0.0.1 - - [03/Mar/2026 15:02:53] "GET /airports/russian_civil_airports.json HTTP/1.1" 200 -
2026-03-03 15:02:53,442 - werkzeug - INFO - 127.0.0.1 - - [03/Mar/2026 15:02:53] "GET /api/aircraft_types HTTP/1.1" 200 -
2026-03-03 15:02:53,659 - werkzeug - INFO - 127.0.0.1 - - [03/Mar/2026 15:02:53] "GET /static/favicon.ico HTTP/1.1" 200 -
2026-03-03 15:12:22,573 - werkzeug - INFO - [31m[1mWARNING: This is a development server. Do not use it in a production deployment. Use a production WSGI server instead.[0m
 * Running on all addresses (0.0.0.0)
 * Running on http://127.0.0.1:5000
 * Running on http://10.17.46.52:5000
2026-03-03 15:12:22,574 - werkzeug - INFO - [33mPress CTRL+C to quit[0m
2026-03-03 15:12:22,588 - werkzeug - INFO -  * Restarting with watchdog (windowsapi)
2026-03-03 15:12:23,080 - werkzeug - WARNING -  * Debugger is active!
2026-03-03 15:12:23,094 - werkzeug - INFO -  * Debugger PIN: 133-895-586
2026-03-03 15:12:28,097 - werkzeug - INFO - 127.0.0.1 - - [03/Mar/2026 15:12:28] "GET / HTTP/1.1" 200 -
2026-03-03 15:12:28,358 - werkzeug - INFO - 127.0.0.1 - - [03/Mar/2026 15:12:28] "[36mGET /static/styles.css HTTP/1.1[0m" 304 -
2026-03-03 15:12:28,435 - werkzeug - INFO - 127.0.0.1 - - [03/Mar/2026 15:12:28] "GET /static/script.js HTTP/1.1" 200 -
2026-03-03 15:12:28,456 - werkzeug - INFO - 127.0.0.1 - - [03/Mar/2026 15:12:28] "GET /api/waypoints HTTP/1.1" 200 -
2026-03-03 15:12:28,757 - werkzeug - INFO - 127.0.0.1 - - [03/Mar/2026 15:12:28] "GET /api/aircraft_types HTTP/1.1" 200 -
2026-03-03 15:12:28,758 - werkzeug - INFO - 127.0.0.1 - - [03/Mar/2026 15:12:28] "[36mGET /airports/russian_civil_airports.json HTTP/1.1[0m" 304 -
2026-03-03 15:12:28,803 - werkzeug - INFO - 127.0.0.1 - - [03/Mar/2026 15:12:28] "[36mGET /static/favicon.ico HTTP/1.1[0m" 304 -
2026-03-03 15:12:42,372 - werkzeug - INFO - 127.0.0.1 - - [03/Mar/2026 15:12:42] "[36mGET / HTTP/1.1[0m" 304 -
2026-03-03 15:12:42,636 - werkzeug - INFO - 127.0.0.1 - - [03/Mar/2026 15:12:42] "[36mGET /static/styles.css HTTP/1.1[0m" 304 -
2026-03-03 15:12:42,698 - werkzeug - INFO - 127.0.0.1 - - [03/Mar/2026 15:12:42] "[36mGET /static/script.js HTTP/1.1[0m" 304 -
2026-03-03 15:12:42,722 - werkzeug - INFO - 127.0.0.1 - - [03/Mar/2026 15:12:42] "GET /api/waypoints HTTP/1.1" 200 -
2026-03-03 15:12:43,015 - werkzeug - INFO - 127.0.0.1 - - [03/Mar/2026 15:12:43] "GET /api/aircraft_types HTTP/1.1" 200 -
2026-03-03 15:12:43,015 - werkzeug - INFO - 127.0.0.1 - - [03/Mar/2026 15:12:43] "[36mGET /airports/russian_civil_airports.json HTTP/1.1[0m" 304 -
2026-03-03 15:12:43,065 - werkzeug - INFO - 127.0.0.1 - - [03/Mar/2026 15:12:43] "[36mGET /static/favicon.ico HTTP/1.1[0m" 304 -
2026-03-03 15:12:47,854 - werkzeug - INFO - 127.0.0.1 - - [03/Mar/2026 15:12:47] "POST /api/optimize HTTP/1.1" 200 -
2026-03-03 15:12:48,113 - werkzeug - INFO - 127.0.0.1 - - [03/Mar/2026 15:12:48] "GET /weather/weather_data.json?t=1772539967859 HTTP/1.1" 200 -
2026-03-03 15:19:12,484 - werkzeug - INFO -  * Detected change in 'C:\\Users\\RichelieuGVG\\anaconda3\\Lib\\site-packages\\pip\\_internal\\cli\\base_command.py', reloading
2026-03-03 15:19:12,484 - werkzeug - INFO -  * Detected change in 'C:\\Users\\RichelieuGVG\\anaconda3\\Lib\\site-packages\\pip\\_internal\\cli\\base_command.py', reloading
2026-03-03 15:19:12,484 - werkzeug - INFO -  * Detected change in 'C:\\Users\\RichelieuGVG\\anaconda3\\Lib\\site-packages\\pip\\_internal\\cli\\base_command.py', reloading
2026-03-03 15:19:12,484 - werkzeug - INFO -  * Detected change in 'C:\\Users\\RichelieuGVG\\anaconda3\\Lib\\site-packages\\pip\\_internal\\commands\\show.py', reloading
2026-03-03 15:19:12,484 - werkzeug - INFO -  * Detected change in 'C:\\Users\\RichelieuGVG\\anaconda3\\Lib\\site-packages\\pip\\_internal\\commands\\show.py', reloading
2026-03-03 15:19:12,484 - werkzeug - INFO -  * Detected change in 'C:\\Users\\RichelieuGVG\\anaconda3\\Lib\\site-packages\\pip\\_internal\\commands\\show.py', reloading
2026-03-03 15:19:12,486 - werkzeug - INFO -  * Detected change in 'C:\\Users\\RichelieuGVG\\anaconda3\\Lib\\site-packages\\pip\\_internal\\metadata\\pkg_resources.py', reloading
2026-03-03 15:19:12,486 - werkzeug - INFO -  * Detected change in 'C:\\Users\\RichelieuGVG\\anaconda3\\Lib\\site-packages\\pip\\_internal\\metadata\\pkg_resources.py', reloading
2026-03-03 15:19:12,487 - werkzeug - INFO -  * Detected change in 'C:\\Users\\RichelieuGVG\\anaconda3\\Lib\\site-packages\\pip\\_vendor\\pkg_resources\\__init__.py', reloading
2026-03-03 15:19:12,487 - werkzeug - INFO -  * Detected change in 'C:\\Users\\RichelieuGVG\\anaconda3\\Lib\\site-packages\\pip\\_vendor\\pkg_resources\\__init__.py', reloading
2026-03-03 15:19:12,488 - werkzeug - INFO -  * Detected change in 'C:\\Users\\RichelieuGVG\\anaconda3\\Lib\\site-packages\\pip\\_vendor\\packaging\\markers.py', reloading
2026-03-03 15:19:12,488 - werkzeug - INFO -  * Detected change in 'C:\\Users\\RichelieuGVG\\anaconda3\\Lib\\site-packages\\pip\\_vendor\\packaging\\markers.py', reloading
2026-03-03 15:19:12,488 - werkzeug - INFO -  * Detected change in 'C:\\Users\\RichelieuGVG\\anaconda3\\Lib\\site-packages\\pip\\_vendor\\packaging\\markers.py', reloading
2026-03-03 15:19:12,490 - werkzeug - INFO -  * Detected change in 'C:\\Users\\RichelieuGVG\\anaconda3\\Lib\\site-packages\\pip\\_vendor\\packaging\\specifiers.py', reloading
2026-03-03 15:19:12,491 - werkzeug - INFO -  * Detected change in 'C:\\Users\\RichelieuGVG\\anaconda3\\Lib\\site-packages\\pip\\_vendor\\packaging\\version.py', reloading
2026-03-03 15:19:13,539 - werkzeug - INFO -  * Restarting with watchdog (windowsapi)
2026-03-03 15:19:13,545 - werkzeug - INFO -  * Restarting with watchdog (windowsapi)
2026-03-03 15:19:13,546 - werkzeug - INFO -  * Restarting with watchdog (windowsapi)
2026-03-03 15:19:14,122 - werkzeug - WARNING -  * Debugger is active!
2026-03-03 15:19:14,123 - werkzeug - WARNING -  * Debugger is active!
2026-03-03 15:19:14,124 - werkzeug - WARNING -  * Debugger is active!
2026-03-03 15:19:14,137 - werkzeug - INFO -  * Debugger PIN: 133-895-586
2026-03-03 15:19:14,137 - werkzeug - INFO -  * Debugger PIN: 133-895-586
2026-03-03 15:19:14,137 - werkzeug - INFO -  * Debugger PIN: 133-895-586
2026-03-03 15:19:26,785 - werkzeug - INFO -  * Detected change in 'C:\\Users\\RichelieuGVG\\Desktop\\diploma\\flightplanner\\agent\\run_inference.py', reloading
2026-03-03 15:19:26,785 - werkzeug - INFO -  * Detected change in 'C:\\Users\\RichelieuGVG\\Desktop\\diploma\\flightplanner\\agent\\run_inference.py', reloading
2026-03-03 15:19:26,819 - werkzeug - INFO -  * Detected change in 'C:\\Users\\RichelieuGVG\\Desktop\\diploma\\flightplanner\\agent\\run_inference.py', reloading
2026-03-03 15:19:26,819 - werkzeug - INFO -  * Detected change in 'C:\\Users\\RichelieuGVG\\Desktop\\diploma\\flightplanner\\agent\\run_inference.py', reloading
2026-03-03 15:19:26,820 - werkzeug - INFO -  * Detected change in 'C:\\Users\\RichelieuGVG\\Desktop\\diploma\\flightplanner\\agent\\run_inference.py', reloading
2026-03-03 15:19:26,820 - werkzeug - INFO -  * Detected change in 'C:\\Users\\RichelieuGVG\\Desktop\\diploma\\flightplanner\\agent\\run_inference.py', reloading
2026-03-03 15:19:26,820 - werkzeug - INFO -  * Detected change in 'C:\\Users\\RichelieuGVG\\Desktop\\diploma\\flightplanner\\agent\\run_inference.py', reloading
2026-03-03 15:19:26,821 - werkzeug - INFO -  * Detected change in 'C:\\Users\\RichelieuGVG\\Desktop\\diploma\\flightplanner\\agent\\run_inference.py', reloading
2026-03-03 15:19:26,821 - werkzeug - INFO -  * Detected change in 'C:\\Users\\RichelieuGVG\\Desktop\\diploma\\flightplanner\\agent\\run_inference.py', reloading
2026-03-03 15:19:26,821 - werkzeug - INFO -  * Detected change in 'C:\\Users\\RichelieuGVG\\Desktop\\diploma\\flightplanner\\agent\\run_inference.py', reloading
2026-03-03 15:19:27,950 - werkzeug - INFO -  * Restarting with watchdog (windowsapi)
2026-03-03 15:19:27,952 - werkzeug - INFO -  * Restarting with watchdog (windowsapi)
2026-03-03 15:19:27,953 - werkzeug - INFO -  * Restarting with watchdog (windowsapi)
2026-03-03 15:19:28,684 - werkzeug - WARNING -  * Debugger is active!
2026-03-03 15:19:28,685 - werkzeug - WARNING -  * Debugger is active!
2026-03-03 15:19:28,685 - werkzeug - WARNING -  * Debugger is active!
2026-03-03 15:19:28,698 - werkzeug - INFO -  * Debugger PIN: 133-895-586
2026-03-03 15:19:28,699 - werkzeug - INFO -  * Debugger PIN: 133-895-586
2026-03-03 15:19:28,699 - werkzeug - INFO -  * Debugger PIN: 133-895-586
2026-03-03 15:19:34,973 - werkzeug - INFO -  * Detected change in 'C:\\Users\\RichelieuGVG\\Desktop\\diploma\\flightplanner\\app.py', reloading
2026-03-03 15:19:34,973 - werkzeug - INFO -  * Detected change in 'C:\\Users\\RichelieuGVG\\Desktop\\diploma\\flightplanner\\app.py', reloading
2026-03-03 15:19:34,973 - werkzeug - INFO -  * Detected change in 'C:\\Users\\RichelieuGVG\\Desktop\\diploma\\flightplanner\\app.py', reloading
2026-03-03 15:19:34,975 - werkzeug - INFO -  * Detected change in 'C:\\Users\\RichelieuGVG\\Desktop\\diploma\\flightplanner\\app.py', reloading
2026-03-03 15:19:34,975 - werkzeug - INFO -  * Detected change in 'C:\\Users\\RichelieuGVG\\Desktop\\diploma\\flightplanner\\app.py', reloading
2026-03-03 15:19:34,975 - werkzeug - INFO -  * Detected change in 'C:\\Users\\RichelieuGVG\\Desktop\\diploma\\flightplanner\\app.py', reloading
2026-03-03 15:19:34,975 - werkzeug - INFO -  * Detected change in 'C:\\Users\\RichelieuGVG\\Desktop\\diploma\\flightplanner\\app.py', reloading
2026-03-03 15:19:34,976 - werkzeug - INFO -  * Detected change in 'C:\\Users\\RichelieuGVG\\Desktop\\diploma\\flightplanner\\app.py', reloading
2026-03-03 15:19:36,021 - werkzeug - INFO -  * Restarting with watchdog (windowsapi)
2026-03-03 15:19:36,025 - werkzeug - INFO -  * Restarting with watchdog (windowsapi)
2026-03-03 15:19:36,608 - werkzeug - WARNING -  * Debugger is active!
2026-03-03 15:19:36,608 - werkzeug - WARNING -  * Debugger is active!
2026-03-03 15:19:36,616 - werkzeug - WARNING -  * Debugger is active!
2026-03-03 15:19:36,623 - werkzeug - INFO -  * Debugger PIN: 133-895-586
2026-03-03 15:19:36,630 - werkzeug - INFO -  * Debugger PIN: 133-895-586
2026-03-03 15:21:20,124 - werkzeug - INFO - [31m[1mWARNING: This is a development server. Do not use it in a production deployment. Use a production WSGI server instead.[0m
 * Running on all addresses (0.0.0.0)
 * Running on http://127.0.0.1:5000
 * Running on http://10.17.46.52:5000
2026-03-03 15:21:20,125 - werkzeug - INFO - [33mPress CTRL+C to quit[0m
2026-03-03 15:21:20,137 - werkzeug - INFO -  * Restarting with watchdog (windowsapi)
2026-03-03 15:21:20,644 - werkzeug - WARNING -  * Debugger is active!
2026-03-03 15:21:20,657 - werkzeug - INFO -  * Debugger PIN: 133-895-586
2026-03-03 15:21:27,887 - werkzeug - INFO - 127.0.0.1 - - [03/Mar/2026 15:21:27] "[36mGET / HTTP/1.1[0m" 304 -
2026-03-03 15:21:27,906 - werkzeug - INFO - 127.0.0.1 - - [03/Mar/2026 15:21:27] "[36mGET /static/styles.css HTTP/1.1[0m" 304 -
2026-03-03 15:21:28,148 - werkzeug - INFO - 127.0.0.1 - - [03/Mar/2026 15:21:28] "GET /static/script.js HTTP/1.1" 200 -
2026-03-03 15:21:28,471 - werkzeug - INFO - 127.0.0.1 - - [03/Mar/2026 15:21:28] "GET /api/aircraft_types HTTP/1.1" 200 -
2026-03-03 15:21:28,472 - werkzeug - INFO - 127.0.0.1 - - [03/Mar/2026 15:21:28] "[36mGET /airports/russian_civil_airports.json HTTP/1.1[0m" 304 -
2026-03-03 15:21:28,492 - werkzeug - INFO - 127.0.0.1 - - [03/Mar/2026 15:21:28] "GET /api/waypoints HTTP/1.1" 200 -
2026-03-03 15:23:29,299 - werkzeug - INFO - 127.0.0.1 - - [03/Mar/2026 15:23:29] "POST /api/optimize HTTP/1.1" 200 -
2026-03-03 15:23:29,312 - werkzeug - INFO - 127.0.0.1 - - [03/Mar/2026 15:23:29] "GET /weather/weather_data.json?t=1772540609308 HTTP/1.1" 200 -
2026-03-03 15:27:32,586 - werkzeug - INFO -  * Detected change in 'C:\\Users\\RichelieuGVG\\anaconda3\\Lib\\site-packages\\numpy\\random\\_pickle.py', reloading
2026-03-03 15:27:32,586 - werkzeug - INFO -  * Detected change in 'C:\\Users\\RichelieuGVG\\anaconda3\\Lib\\site-packages\\numpy\\random\\_pickle.py', reloading
2026-03-03 15:27:32,586 - werkzeug - INFO -  * Detected change in 'C:\\Users\\RichelieuGVG\\anaconda3\\Lib\\site-packages\\numpy\\random\\_pickle.py', reloading
2026-03-03 15:27:32,586 - werkzeug - INFO -  * Detected change in 'C:\\Users\\RichelieuGVG\\anaconda3\\Lib\\site-packages\\numpy\\random\\_pickle.py', reloading
2026-03-03 15:27:32,586 - werkzeug - INFO -  * Detected change in 'C:\\Users\\RichelieuGVG\\anaconda3\\Lib\\site-packages\\numpy\\random\\_pickle.py', reloading
2026-03-03 15:27:32,586 - werkzeug - INFO -  * Detected change in 'C:\\Users\\RichelieuGVG\\anaconda3\\Lib\\site-packages\\numpy\\random\\_pickle.py', reloading
2026-03-03 15:27:32,586 - werkzeug - INFO -  * Detected change in 'C:\\Users\\RichelieuGVG\\anaconda3\\Lib\\site-packages\\numpy\\random\\_pickle.py', reloading
2026-03-03 15:27:32,587 - werkzeug - INFO -  * Detected change in 'C:\\Users\\RichelieuGVG\\anaconda3\\Lib\\site-packages\\numpy\\random\\_pickle.py', reloading
2026-03-03 15:27:32,587 - werkzeug - INFO -  * Detected change in 'C:\\Users\\RichelieuGVG\\anaconda3\\Lib\\site-packages\\numpy\\random\\_pickle.py', reloading
2026-03-03 15:27:32,587 - werkzeug - INFO -  * Detected change in 'C:\\Users\\RichelieuGVG\\anaconda3\\Lib\\site-packages\\numpy\\random\\_pickle.py', reloading
2026-03-03 15:27:32,587 - werkzeug - INFO -  * Detected change in 'C:\\Users\\RichelieuGVG\\anaconda3\\Lib\\site-packages\\numpy\\random\\_pickle.py', reloading
2026-03-03 15:27:32,597 - werkzeug - INFO -  * Detected change in 'C:\\Users\\RichelieuGVG\\anaconda3\\Lib\\site-packages\\numpy\\random\\setup.py', reloading
2026-03-03 15:27:32,597 - werkzeug - INFO -  * Detected change in 'C:\\Users\\RichelieuGVG\\anaconda3\\Lib\\site-packages\\numpy\\random\\setup.py', reloading
2026-03-03 15:27:32,597 - werkzeug - INFO -  * Detected change in 'C:\\Users\\RichelieuGVG\\anaconda3\\Lib\\site-packages\\numpy\\random\\setup.py', reloading
2026-03-03 15:27:32,598 - werkzeug - INFO -  * Detected change in 'C:\\Users\\RichelieuGVG\\anaconda3\\Lib\\site-packages\\numpy\\random\\setup.py', reloading
2026-03-03 15:27:32,598 - werkzeug - INFO -  * Detected change in 'C:\\Users\\RichelieuGVG\\anaconda3\\Lib\\site-packages\\numpy\\random\\setup.py', reloading
2026-03-03 15:27:32,598 - werkzeug - INFO -  * Detected change in 'C:\\Users\\RichelieuGVG\\anaconda3\\Lib\\site-packages\\numpy\\random\\setup.py', reloading
2026-03-03 15:27:33,656 - werkzeug - INFO -  * Restarting with watchdog (windowsapi)
2026-03-03 15:27:34,186 - werkzeug - WARNING -  * Debugger is active!
2026-03-03 15:27:34,201 - werkzeug - INFO -  * Debugger PIN: 133-895-586
2026-03-03 15:27:34,656 - werkzeug - INFO -  * Restarting with watchdog (windowsapi)
2026-03-03 15:27:34,656 - werkzeug - INFO -  * Restarting with watchdog (windowsapi)
2026-03-03 15:27:34,657 - werkzeug - INFO -  * Restarting with watchdog (windowsapi)
2026-03-03 15:27:35,276 - werkzeug - WARNING -  * Debugger is active!
2026-03-03 15:27:35,278 - werkzeug - WARNING -  * Debugger is active!
2026-03-03 15:27:35,278 - werkzeug - WARNING -  * Debugger is active!
2026-03-03 15:27:35,294 - werkzeug - INFO -  * Debugger PIN: 133-895-586
2026-03-03 15:27:35,294 - werkzeug - INFO -  * Debugger PIN: 133-895-586
2026-03-03 15:27:35,295 - werkzeug - INFO -  * Debugger PIN: 133-895-586
2026-03-03 15:27:35,886 - werkzeug - INFO -  * Detected change in 'C:\\Users\\RichelieuGVG\\anaconda3\\Lib\\site-packages\\pip\\_internal\\cli\\req_command.py', reloading
2026-03-03 15:27:35,886 - werkzeug - INFO -  * Detected change in 'C:\\Users\\RichelieuGVG\\anaconda3\\Lib\\site-packages\\pip\\_internal\\cli\\req_command.py', reloading
2026-03-03 15:27:35,887 - werkzeug - INFO -  * Detected change in 'C:\\Users\\RichelieuGVG\\anaconda3\\Lib\\site-packages\\pip\\_internal\\cli\\req_command.py', reloading
2026-03-03 15:27:35,887 - werkzeug - INFO -  * Detected change in 'C:\\Users\\RichelieuGVG\\anaconda3\\Lib\\site-packages\\pip\\_internal\\cli\\req_command.py', reloading

2026-03-03 15:27:35,887 - werkzeug - INFO -  * Detected change in 'C:\\Users\\RichelieuGVG\\anaconda3\\Lib\\site-packages\\pip\\_internal\\commands\\install.py', reloading
2026-03-03 15:27:35,888 - werkzeug - INFO -  * Detected change in 'C:\\Users\\RichelieuGVG\\anaconda3\\Lib\\site-packages\\pip\\_internal\\commands\\install.py', reloading
2026-03-03 15:27:37,028 - werkzeug - INFO -  * Restarting with watchdog (windowsapi)
2026-03-03 15:27:37,029 - werkzeug - INFO -  * Restarting with watchdog (windowsapi)
2026-03-03 15:27:37,029 - werkzeug - INFO -  * Restarting with watchdog (windowsapi)
2026-03-03 15:27:37,031 - werkzeug - INFO -  * Restarting with watchdog (windowsapi)
2026-03-03 15:27:37,670 - werkzeug - WARNING -  * Debugger is active!
2026-03-03 15:27:37,675 - werkzeug - WARNING -  * Debugger is active!
2026-03-03 15:27:37,678 - werkzeug - WARNING -  * Debugger is active!
2026-03-03 15:27:37,680 - werkzeug - WARNING -  * Debugger is active!
2026-03-03 15:27:37,686 - werkzeug - INFO -  * Debugger PIN: 133-895-586
2026-03-03 15:27:37,690 - werkzeug - INFO -  * Debugger PIN: 133-895-586
2026-03-03 15:27:37,696 - werkzeug - INFO -  * Debugger PIN: 133-895-586
2026-03-03 15:27:37,696 - werkzeug - INFO -  * Debugger PIN: 133-895-586
2026-03-03 15:27:44,487 - werkzeug - INFO -  * Detected change in 'C:\\Users\\RichelieuGVG\\anaconda3\\Scripts\\conda-script.py', reloading
2026-03-03 15:27:44,487 - werkzeug - INFO -  * Detected change in 'C:\\Users\\RichelieuGVG\\anaconda3\\Scripts\\conda-script.py', reloading
2026-03-03 15:27:44,487 - werkzeug - INFO -  * Detected change in 'C:\\Users\\RichelieuGVG\\anaconda3\\Scripts\\conda-script.py', reloading
2026-03-03 15:27:45,820 - werkzeug - INFO -  * Restarting with watchdog (windowsapi)
2026-03-03 15:27:45,822 - werkzeug - INFO -  * Restarting with watchdog (windowsapi)
2026-03-03 15:27:45,825 - werkzeug - INFO -  * Restarting with watchdog (windowsapi)
2026-03-03 15:27:45,827 - werkzeug - INFO -  * Restarting with watchdog (windowsapi)
2026-03-03 15:27:46,443 - werkzeug - WARNING -  * Debugger is active!
2026-03-03 15:27:46,444 - werkzeug - WARNING -  * Debugger is active!
2026-03-03 15:27:46,444 - werkzeug - WARNING -  * Debugger is active!
2026-03-03 15:27:46,452 - werkzeug - WARNING -  * Debugger is active!
2026-03-03 15:27:46,459 - werkzeug - INFO -  * Debugger PIN: 133-895-586
2026-03-03 15:27:46,460 - werkzeug - INFO -  * Debugger PIN: 133-895-586
2026-03-03 15:27:46,461 - werkzeug - INFO -  * Debugger PIN: 133-895-586
2026-03-03 15:27:46,468 - werkzeug - INFO -  * Debugger PIN: 133-895-586
2026-03-03 15:40:45,517 - werkzeug - INFO -  * Detected change in 'C:\\Users\\RichelieuGVG\\Desktop\\diploma\\flightplanner\\test_pickle.py', reloading
2026-03-03 15:40:45,517 - werkzeug - INFO -  * Detected change in 'C:\\Users\\RichelieuGVG\\Desktop\\diploma\\flightplanner\\test_pickle.py', reloading
2026-03-03 15:40:45,518 - werkzeug - INFO -  * Detected change in 'C:\\Users\\RichelieuGVG\\Desktop\\diploma\\flightplanner\\test_pickle.py', reloading
2026-03-03 15:40:45,552 - werkzeug - INFO -  * Detected change in 'C:\\Users\\RichelieuGVG\\Desktop\\diploma\\flightplanner\\test_pickle.py', reloading
2026-03-03 15:40:45,552 - werkzeug - INFO -  * Detected change in 'C:\\Users\\RichelieuGVG\\Desktop\\diploma\\flightplanner\\test_pickle.py', reloading
2026-03-03 15:40:45,553 - werkzeug - INFO -  * Detected change in 'C:\\Users\\RichelieuGVG\\Desktop\\diploma\\flightplanner\\test_pickle.py', reloading
2026-03-03 15:40:45,555 - werkzeug - INFO -  * Detected change in 'C:\\Users\\RichelieuGVG\\Desktop\\diploma\\flightplanner\\test_pickle.py', reloading
2026-03-03 15:40:45,555 - werkzeug - INFO -  * Detected change in 'C:\\Users\\RichelieuGVG\\Desktop\\diploma\\flightplanner\\test_pickle.py', reloading
2026-03-03 15:40:45,555 - werkzeug - INFO -  * Detected change in 'C:\\Users\\RichelieuGVG\\Desktop\\diploma\\flightplanner\\test_pickle.py', reloading
2026-03-03 15:40:45,556 - werkzeug - INFO -  * Detected change in 'C:\\Users\\RichelieuGVG\\Desktop\\diploma\\flightplanner\\test_pickle.py', reloading
2026-03-03 15:40:46,152 - werkzeug - INFO -  * Detected change in 'C:\\Users\\RichelieuGVG\\anaconda3\\Lib\\site-packages\\traitlets\\config\\__init__.py', reloading
2026-03-03 15:40:46,152 - werkzeug - INFO -  * Detected change in 'C:\\Users\\RichelieuGVG\\anaconda3\\Lib\\site-packages\\traitlets\\config\\__init__.py', reloading
2026-03-03 15:40:46,182 - werkzeug - INFO -  * Detected change in 'C:\\Users\\RichelieuGVG\\anaconda3\\Lib\\site-packages\\traitlets\\config\\application.py', reloading
2026-03-03 15:40:46,182 - werkzeug - INFO -  * Detected change in 'C:\\Users\\RichelieuGVG\\anaconda3\\Lib\\site-packages\\traitlets\\config\\application.py', reloading
2026-03-03 15:40:46,217 - werkzeug - INFO -  * Detected change in 'C:\\Users\\RichelieuGVG\\anaconda3\\Lib\\site-packages\\traitlets\\config\\argcomplete_config.py', reloading
2026-03-03 15:40:46,217 - werkzeug - INFO -  * Detected change in 'C:\\Users\\RichelieuGVG\\anaconda3\\Lib\\site-packages\\traitlets\\config\\argcomplete_config.py', reloading
2026-03-03 15:40:46,219 - werkzeug - INFO -  * Detected change in 'C:\\Users\\RichelieuGVG\\anaconda3\\Lib\\site-packages\\traitlets\\config\\argcomplete_config.py', reloading
2026-03-03 15:40:46,226 - werkzeug - INFO -  * Detected change in 'C:\\Users\\RichelieuGVG\\anaconda3\\Lib\\site-packages\\pygments\\styles\\__init__.py', reloading
2026-03-03 15:40:46,227 - werkzeug - INFO -  * Detected change in 'C:\\Users\\RichelieuGVG\\anaconda3\\Lib\\site-packages\\pygments\\styles\\__init__.py', reloading
2026-03-03 15:40:46,227 - werkzeug - INFO -  * Detected change in 'C:\\Users\\RichelieuGVG\\anaconda3\\Lib\\site-packages\\pygments\\styles\\__init__.py', reloading
2026-03-03 15:40:46,251 - werkzeug - INFO -  * Detected change in 'C:\\Users\\RichelieuGVG\\anaconda3\\Lib\\site-packages\\pygments\\plugin.py', reloading
2026-03-03 15:40:46,251 - werkzeug - INFO -  * Detected change in 'C:\\Users\\RichelieuGVG\\anaconda3\\Lib\\site-packages\\pygments\\plugin.py', reloading
2026-03-03 15:40:46,252 - werkzeug - INFO -  * Detected change in 'C:\\Users\\RichelieuGVG\\anaconda3\\Lib\\site-packages\\pygments\\plugin.py', reloading
2026-03-03 15:40:46,281 - werkzeug - INFO -  * Detected change in 'C:\\Users\\RichelieuGVG\\anaconda3\\Lib\\site-packages\\pygments\\util.py', reloading
2026-03-03 15:40:46,281 - werkzeug - INFO -  * Detected change in 'C:\\Users\\RichelieuGVG\\anaconda3\\Lib\\site-packages\\pygments\\util.py', reloading
2026-03-03 15:40:46,304 - werkzeug - INFO -  * Detected change in 'C:\\Users\\RichelieuGVG\\anaconda3\\Lib\\site-packages\\pygments\\styles\\_mapping.py', reloading
2026-03-03 15:40:47,315 - werkzeug - INFO -  * Restarting with watchdog (windowsapi)
2026-03-03 15:40:47,374 - werkzeug - INFO -  * Restarting with watchdog (windowsapi)
2026-03-03 15:40:47,376 - werkzeug - INFO -  * Restarting with watchdog (windowsapi)
2026-03-03 15:40:48,166 - werkzeug - WARNING -  * Debugger is active!
2026-03-03 15:40:48,185 - werkzeug - INFO -  * Debugger PIN: 133-895-586
2026-03-03 15:40:48,185 - werkzeug - INFO -  * Debugger PIN: 133-895-586
2026-03-03 15:40:48,185 - werkzeug - INFO -  * Debugger PIN: 133-895-586
2026-03-03 15:40:48,186 - werkzeug - INFO -  * Debugger PIN: 133-895-586
2026-03-03 15:41:33,463 - werkzeug - INFO -  * Detected change in 'C:\\Users\\RichelieuGVG\\Desktop\\diploma\\flightplanner\\agent\\run_inference.py', reloading
2026-03-03 15:41:33,463 - werkzeug - INFO -  * Detected change in 'C:\\Users\\RichelieuGVG\\Desktop\\diploma\\flightplanner\\agent\\run_inference.py', reloading
2026-03-03 15:41:33,464 - werkzeug - INFO -  * Detected change in 'C:\\Users\\RichelieuGVG\\Desktop\\diploma\\flightplanner\\agent\\run_inference.py', reloading
2026-03-03 15:41:33,466 - werkzeug - INFO -  * Detected change in 'C:\\Users\\RichelieuGVG\\Desktop\\diploma\\flightplanner\\agent\\run_inference.py', reloading
2026-03-03 15:41:33,467 - werkzeug - INFO -  * Detected change in 'C:\\Users\\RichelieuGVG\\Desktop\\diploma\\flightplanner\\agent\\run_inference.py', reloading
2026-03-03 15:41:33,467 - werkzeug - INFO -  * Detected change in 'C:\\Users\\RichelieuGVG\\Desktop\\diploma\\flightplanner\\agent\\run_inference.py', reloading
2026-03-03 15:41:33,468 - werkzeug - INFO -  * Detected change in 'C:\\Users\\RichelieuGVG\\Desktop\\diploma\\flightplanner\\agent\\run_inference.py', reloading
2026-03-03 15:41:33,468 - werkzeug - INFO -  * Detected change in 'C:\\Users\\RichelieuGVG\\Desktop\\diploma\\flightplanner\\agent\\run_inference.py', reloading
2026-03-03 15:41:33,469 - werkzeug - INFO -  * Detected change in 'C:\\Users\\RichelieuGVG\\Desktop\\diploma\\flightplanner\\agent\\run_inference.py', reloading
2026-03-03 15:41:34,525 - werkzeug - INFO -  * Restarting with watchdog (windowsapi)
2026-03-03 15:41:34,525 - werkzeug - INFO -  * Restarting with watchdog (windowsapi)
2026-03-03 15:41:34,526 - werkzeug - INFO -  * Restarting with watchdog (windowsapi)
2026-03-03 15:41:35,202 - werkzeug - WARNING -  * Debugger is active!
2026-03-03 15:41:35,203 - werkzeug - WARNING -  * Debugger is active!
2026-03-03 15:41:35,206 - werkzeug - WARNING -  * Debugger is active!
2026-03-03 15:41:35,206 - werkzeug - WARNING -  * Debugger is active!
2026-03-03 15:41:35,218 - werkzeug - INFO -  * Debugger PIN: 133-895-586
2026-03-03 15:41:35,219 - werkzeug - INFO -  * Debugger PIN: 133-895-586
2026-03-03 15:41:35,224 - werkzeug - INFO -  * Debugger PIN: 133-895-586
2026-03-03 15:41:35,224 - werkzeug - INFO -  * Debugger PIN: 133-895-586
2026-03-03 15:42:47,649 - werkzeug - INFO -  * Detected change in 'C:\\Users\\RichelieuGVG\\Desktop\\diploma\\flightplanner\\test_pickle.py', reloading
2026-03-03 15:42:47,649 - werkzeug - INFO -  * Detected change in 'C:\\Users\\RichelieuGVG\\Desktop\\diploma\\flightplanner\\test_pickle.py', reloading
2026-03-03 15:42:47,649 - werkzeug - INFO -  * Detected change in 'C:\\Users\\RichelieuGVG\\Desktop\\diploma\\flightplanner\\test_pickle.py', reloading
2026-03-03 15:42:47,650 - werkzeug - INFO -  * Detected change in 'C:\\Users\\RichelieuGVG\\Desktop\\diploma\\flightplanner\\test_pickle.py', reloading
2026-03-03 15:42:47,650 - werkzeug - INFO -  * Detected change in 'C:\\Users\\RichelieuGVG\\Desktop\\diploma\\flightplanner\\test_pickle.py', reloading
2026-03-03 15:42:47,650 - werkzeug - INFO -  * Detected change in 'C:\\Users\\RichelieuGVG\\Desktop\\diploma\\flightplanner\\test_pickle.py', reloading
2026-03-03 15:42:47,651 - werkzeug - INFO -  * Detected change in 'C:\\Users\\RichelieuGVG\\Desktop\\diploma\\flightplanner\\test_pickle.py', reloading
2026-03-03 15:42:47,651 - werkzeug - INFO -  * Detected change in 'C:\\Users\\RichelieuGVG\\Desktop\\diploma\\flightplanner\\test_pickle.py', reloading
2026-03-03 15:42:47,651 - werkzeug - INFO -  * Detected change in 'C:\\Users\\RichelieuGVG\\Desktop\\diploma\\flightplanner\\test_pickle.py', reloading
2026-03-03 15:42:47,651 - werkzeug - INFO -  * Detected change in 'C:\\Users\\RichelieuGVG\\Desktop\\diploma\\flightplanner\\test_pickle.py', reloading
2026-03-03 15:42:47,651 - werkzeug - INFO -  * Detected change in 'C:\\Users\\RichelieuGVG\\Desktop\\diploma\\flightplanner\\test_pickle.py', reloading
2026-03-03 15:42:47,652 - werkzeug - INFO -  * Detected change in 'C:\\Users\\RichelieuGVG\\Desktop\\diploma\\flightplanner\\test_pickle.py', reloading
2026-03-03 15:42:48,722 - werkzeug - INFO -  * Restarting with watchdog (windowsapi)
2026-03-03 15:42:48,724 - werkzeug - INFO -  * Restarting with watchdog (windowsapi)
2026-03-03 15:42:48,732 - werkzeug - INFO -  * Restarting with watchdog (windowsapi)
2026-03-03 15:42:49,417 - werkzeug - WARNING -  * Debugger is active!
2026-03-03 15:42:49,419 - werkzeug - WARNING -  * Debugger is active!
2026-03-03 15:42:49,422 - werkzeug - WARNING -  * Debugger is active!
2026-03-03 15:42:49,432 - werkzeug - WARNING -  * Debugger is active!
2026-03-03 15:42:49,433 - werkzeug - INFO -  * Debugger PIN: 133-895-586
2026-03-03 15:42:49,435 - werkzeug - INFO -  * Debugger PIN: 133-895-586
2026-03-03 15:42:49,436 - werkzeug - INFO -  * Debugger PIN: 133-895-586
2026-03-03 15:42:49,449 - werkzeug - INFO -  * Debugger PIN: 133-895-586
2026-03-03 15:43:21,997 - werkzeug - INFO -  * Detected change in 'C:\\Users\\RichelieuGVG\\Desktop\\diploma\\flightplanner\\agent\\the_two_planes.py', reloading
2026-03-03 15:43:21,997 - werkzeug - INFO -  * Detected change in 'C:\\Users\\RichelieuGVG\\Desktop\\diploma\\flightplanner\\agent\\the_two_planes.py', reloading
2026-03-03 15:43:21,998 - werkzeug - INFO -  * Detected change in 'C:\\Users\\RichelieuGVG\\Desktop\\diploma\\flightplanner\\agent\\the_two_planes.py', reloading
2026-03-03 15:43:21,998 - werkzeug - INFO -  * Detected change in 'C:\\Users\\RichelieuGVG\\Desktop\\diploma\\flightplanner\\agent\\the_two_planes.py', reloading
2026-03-03 15:43:21,998 - werkzeug - INFO -  * Detected change in 'C:\\Users\\RichelieuGVG\\Desktop\\diploma\\flightplanner\\agent\\the_two_planes.py', reloading
2026-03-03 15:43:21,998 - werkzeug - INFO -  * Detected change in 'C:\\Users\\RichelieuGVG\\Desktop\\diploma\\flightplanner\\agent\\the_two_planes.py', reloading
2026-03-03 15:43:21,998 - werkzeug - INFO -  * Detected change in 'C:\\Users\\RichelieuGVG\\Desktop\\diploma\\flightplanner\\agent\\the_two_planes.py', reloading
2026-03-03 15:43:21,999 - werkzeug - INFO -  * Detected change in 'C:\\Users\\RichelieuGVG\\Desktop\\diploma\\flightplanner\\agent\\the_two_planes.py', reloading
2026-03-03 15:43:21,999 - werkzeug - INFO -  * Detected change in 'C:\\Users\\RichelieuGVG\\Desktop\\diploma\\flightplanner\\agent\\the_two_planes.py', reloading
2026-03-03 15:43:21,999 - werkzeug - INFO -  * Detected change in 'C:\\Users\\RichelieuGVG\\Desktop\\diploma\\flightplanner\\agent\\the_two_planes.py', reloading
2026-03-03 15:43:22,000 - werkzeug - INFO -  * Detected change in 'C:\\Users\\RichelieuGVG\\Desktop\\diploma\\flightplanner\\agent\\the_two_planes.py', reloading
2026-03-03 15:43:23,659 - werkzeug - INFO -  * Restarting with watchdog (windowsapi)
2026-03-03 15:43:23,663 - werkzeug - INFO -  * Restarting with watchdog (windowsapi)
2026-03-03 15:43:23,664 - werkzeug - INFO -  * Restarting with watchdog (windowsapi)
2026-03-03 15:43:24,386 - werkzeug - WARNING -  * Debugger is active!
2026-03-03 15:43:24,386 - werkzeug - WARNING -  * Debugger is active!
2026-03-03 15:43:24,388 - werkzeug - WARNING -  * Debugger is active!
2026-03-03 15:43:24,402 - werkzeug - INFO -  * Debugger PIN: 133-895-586
2026-03-03 15:43:24,402 - werkzeug - INFO -  * Debugger PIN: 133-895-586
2026-03-03 15:43:24,404 - werkzeug - INFO -  * Debugger PIN: 133-895-586
2026-03-03 15:43:24,404 - werkzeug - INFO -  * Debugger PIN: 133-895-586
2026-03-03 15:43:32,930 - werkzeug - INFO -  * Detected change in 'C:\\Users\\RichelieuGVG\\Desktop\\diploma\\flightplanner\\agent\\the_two_planes.py', reloading
2026-03-03 15:43:32,930 - werkzeug - INFO -  * Detected change in 'C:\\Users\\RichelieuGVG\\Desktop\\diploma\\flightplanner\\agent\\the_two_planes.py', reloading
2026-03-03 15:43:32,930 - werkzeug - INFO -  * Detected change in 'C:\\Users\\RichelieuGVG\\Desktop\\diploma\\flightplanner\\agent\\the_two_planes.py', reloading
2026-03-03 15:43:32,934 - werkzeug - INFO -  * Detected change in 'C:\\Users\\RichelieuGVG\\Desktop\\diploma\\flightplanner\\agent\\the_two_planes.py', reloading
2026-03-03 15:43:32,934 - werkzeug - INFO -  * Detected change in 'C:\\Users\\RichelieuGVG\\Desktop\\diploma\\flightplanner\\agent\\the_two_planes.py', reloading
2026-03-03 15:43:32,934 - werkzeug - INFO -  * Detected change in 'C:\\Users\\RichelieuGVG\\Desktop\\diploma\\flightplanner\\agent\\the_two_planes.py', reloading
2026-03-03 15:43:32,935 - werkzeug - INFO -  * Detected change in 'C:\\Users\\RichelieuGVG\\Desktop\\diploma\\flightplanner\\agent\\the_two_planes.py', reloading
2026-03-03 15:43:32,935 - werkzeug - INFO -  * Detected change in 'C:\\Users\\RichelieuGVG\\Desktop\\diploma\\flightplanner\\agent\\the_two_planes.py', reloading
2026-03-03 15:43:33,982 - werkzeug - INFO -  * Restarting with watchdog (windowsapi)
2026-03-03 15:43:33,987 - werkzeug - INFO -  * Restarting with watchdog (windowsapi)
2026-03-03 15:43:33,987 - werkzeug - INFO -  * Restarting with watchdog (windowsapi)
2026-03-03 15:43:34,615 - werkzeug - WARNING -  * Debugger is active!
2026-03-03 15:43:34,617 - werkzeug - WARNING -  * Debugger is active!
2026-03-03 15:43:34,617 - werkzeug - WARNING -  * Debugger is active!
2026-03-03 15:43:34,630 - werkzeug - INFO -  * Debugger PIN: 133-895-586
2026-03-03 15:43:34,633 - werkzeug - INFO -  * Debugger PIN: 133-895-586
2026-03-03 15:43:34,634 - werkzeug - INFO -  * Debugger PIN: 133-895-586
2026-03-03 15:46:24,106 - werkzeug - INFO -  * Detected change in 'C:\\Users\\RichelieuGVG\\Desktop\\diploma\\flightplanner\\agent\\the_two_planes.py', reloading
2026-03-03 15:46:24,106 - werkzeug - INFO -  * Detected change in 'C:\\Users\\RichelieuGVG\\Desktop\\diploma\\flightplanner\\agent\\the_two_planes.py', reloading
2026-03-03 15:46:24,108 - werkzeug - INFO -  * Detected change in 'C:\\Users\\RichelieuGVG\\Desktop\\diploma\\flightplanner\\agent\\the_two_planes.py', reloading
2026-03-03 15:46:24,108 - werkzeug - INFO -  * Detected change in 'C:\\Users\\RichelieuGVG\\Desktop\\diploma\\flightplanner\\agent\\the_two_planes.py', reloading
2026-03-03 15:46:24,108 - werkzeug - INFO -  * Detected change in 'C:\\Users\\RichelieuGVG\\Desktop\\diploma\\flightplanner\\agent\\the_two_planes.py', reloading
2026-03-03 15:46:24,108 - werkzeug - INFO -  * Detected change in 'C:\\Users\\RichelieuGVG\\Desktop\\diploma\\flightplanner\\agent\\the_two_planes.py', reloading
2026-03-03 15:46:24,108 - werkzeug - INFO -  * Detected change in 'C:\\Users\\RichelieuGVG\\Desktop\\diploma\\flightplanner\\agent\\the_two_planes.py', reloading
2026-03-03 15:46:24,109 - werkzeug - INFO -  * Detected change in 'C:\\Users\\RichelieuGVG\\Desktop\\diploma\\flightplanner\\agent\\the_two_planes.py', reloading
2026-03-03 15:46:24,109 - werkzeug - INFO -  * Detected change in 'C:\\Users\\RichelieuGVG\\Desktop\\diploma\\flightplanner\\agent\\the_two_planes.py', reloading
2026-03-03 15:46:25,170 - werkzeug - INFO -  * Restarting with watchdog (windowsapi)
2026-03-03 15:46:25,170 - werkzeug - INFO -  * Restarting with watchdog (windowsapi)
2026-03-03 15:46:25,170 - werkzeug - INFO -  * Restarting with watchdog (windowsapi)
2026-03-03 15:46:25,173 - werkzeug - INFO -  * Restarting with watchdog (windowsapi)
2026-03-03 15:46:25,860 - werkzeug - WARNING -  * Debugger is active!
2026-03-03 15:46:25,866 - werkzeug - WARNING -  * Debugger is active!
2026-03-03 15:46:25,867 - werkzeug - WARNING -  * Debugger is active!
2026-03-03 15:46:25,869 - werkzeug - WARNING -  * Debugger is active!
2026-03-03 15:46:25,882 - werkzeug - INFO -  * Debugger PIN: 133-895-586
2026-03-03 15:46:25,886 - werkzeug - INFO -  * Debugger PIN: 133-895-586
2026-03-03 15:46:25,890 - werkzeug - INFO -  * Debugger PIN: 133-895-586
2026-03-03 15:46:25,890 - werkzeug - INFO -  * Debugger PIN: 133-895-586
2026-03-03 15:46:36,602 - werkzeug - INFO -  * Detected change in 'C:\\Users\\RichelieuGVG\\Desktop\\diploma\\flightplanner\\agent\\run_inference.py', reloading
2026-03-03 15:46:36,602 - werkzeug - INFO -  * Detected change in 'C:\\Users\\RichelieuGVG\\Desktop\\diploma\\flightplanner\\agent\\run_inference.py', reloading
2026-03-03 15:46:36,603 - werkzeug - INFO -  * Detected change in 'C:\\Users\\RichelieuGVG\\Desktop\\diploma\\flightplanner\\agent\\run_inference.py', reloading
2026-03-03 15:46:36,604 - werkzeug - INFO -  * Detected change in 'C:\\Users\\RichelieuGVG\\Desktop\\diploma\\flightplanner\\agent\\run_inference.py', reloading
2026-03-03 15:46:36,604 - werkzeug - INFO -  * Detected change in 'C:\\Users\\RichelieuGVG\\Desktop\\diploma\\flightplanner\\agent\\run_inference.py', reloading
2026-03-03 15:46:36,605 - werkzeug - INFO -  * Detected change in 'C:\\Users\\RichelieuGVG\\Desktop\\diploma\\flightplanner\\agent\\run_inference.py', reloading
2026-03-03 15:46:36,605 - werkzeug - INFO -  * Detected change in 'C:\\Users\\RichelieuGVG\\Desktop\\diploma\\flightplanner\\agent\\run_inference.py', reloading
2026-03-03 15:46:36,605 - werkzeug - INFO -  * Detected change in 'C:\\Users\\RichelieuGVG\\Desktop\\diploma\\flightplanner\\agent\\run_inference.py', reloading
2026-03-03 15:46:36,605 - werkzeug - INFO -  * Detected change in 'C:\\Users\\RichelieuGVG\\Desktop\\diploma\\flightplanner\\agent\\run_inference.py', reloading
2026-03-03 15:46:36,605 - werkzeug - INFO -  * Detected change in 'C:\\Users\\RichelieuGVG\\Desktop\\diploma\\flightplanner\\agent\\run_inference.py', reloading
2026-03-03 15:46:36,605 - werkzeug - INFO -  * Detected change in 'C:\\Users\\RichelieuGVG\\Desktop\\diploma\\flightplanner\\agent\\run_inference.py', reloading
2026-03-03 15:46:37,662 - werkzeug - INFO -  * Restarting with watchdog (windowsapi)
2026-03-03 15:46:37,663 - werkzeug - INFO -  * Restarting with watchdog (windowsapi)
2026-03-03 15:46:37,669 - werkzeug - INFO -  * Restarting with watchdog (windowsapi)
2026-03-03 15:46:37,669 - werkzeug - INFO -  * Restarting with watchdog (windowsapi)
2026-03-03 15:46:38,379 - werkzeug - WARNING -  * Debugger is active!
2026-03-03 15:46:38,379 - werkzeug - WARNING -  * Debugger is active!
2026-03-03 15:46:38,381 - werkzeug - WARNING -  * Debugger is active!
2026-03-03 15:46:38,382 - werkzeug - WARNING -  * Debugger is active!
2026-03-03 15:46:38,396 - werkzeug - INFO -  * Debugger PIN: 133-895-586
2026-03-03 15:46:38,397 - werkzeug - INFO -  * Debugger PIN: 133-895-586
2026-03-03 15:46:38,399 - werkzeug - INFO -  * Debugger PIN: 133-895-586
2026-03-03 15:46:38,399 - werkzeug - INFO -  * Debugger PIN: 133-895-586
2026-03-03 15:46:59,261 - werkzeug - INFO -  * Detected change in 'C:\\Users\\RichelieuGVG\\Desktop\\diploma\\flightplanner\\agent\\run_inference.py', reloading
2026-03-03 15:46:59,261 - werkzeug - INFO -  * Detected change in 'C:\\Users\\RichelieuGVG\\Desktop\\diploma\\flightplanner\\agent\\run_inference.py', reloading
2026-03-03 15:46:59,261 - werkzeug - INFO -  * Detected change in 'C:\\Users\\RichelieuGVG\\Desktop\\diploma\\flightplanner\\agent\\run_inference.py', reloading
2026-03-03 15:46:59,262 - werkzeug - INFO -  * Detected change in 'C:\\Users\\RichelieuGVG\\Desktop\\diploma\\flightplanner\\agent\\run_inference.py', reloading
2026-03-03 15:46:59,262 - werkzeug - INFO -  * Detected change in 'C:\\Users\\RichelieuGVG\\Desktop\\diploma\\flightplanner\\agent\\run_inference.py', reloading
2026-03-03 15:46:59,262 - werkzeug - INFO -  * Detected change in 'C:\\Users\\RichelieuGVG\\Desktop\\diploma\\flightplanner\\agent\\run_inference.py', reloading
2026-03-03 15:46:59,262 - werkzeug - INFO -  * Detected change in 'C:\\Users\\RichelieuGVG\\Desktop\\diploma\\flightplanner\\agent\\run_inference.py', reloading
2026-03-03 15:46:59,262 - werkzeug - INFO -  * Detected change in 'C:\\Users\\RichelieuGVG\\Desktop\\diploma\\flightplanner\\agent\\run_inference.py', reloading
2026-03-03 15:46:59,263 - werkzeug - INFO -  * Detected change in 'C:\\Users\\RichelieuGVG\\Desktop\\diploma\\flightplanner\\agent\\run_inference.py', reloading
2026-03-03 15:46:59,263 - werkzeug - INFO -  * Detected change in 'C:\\Users\\RichelieuGVG\\Desktop\\diploma\\flightplanner\\agent\\run_inference.py', reloading
2026-03-03 15:47:00,324 - werkzeug - INFO -  * Restarting with watchdog (windowsapi)
2026-03-03 15:47:00,326 - werkzeug - INFO -  * Restarting with watchdog (windowsapi)
2026-03-03 15:47:00,327 - werkzeug - INFO -  * Restarting with watchdog (windowsapi)
2026-03-03 15:47:01,024 - werkzeug - WARNING -  * Debugger is active!
2026-03-03 15:47:01,029 - werkzeug - WARNING -  * Debugger is active!
2026-03-03 15:47:01,029 - werkzeug - WARNING -  * Debugger is active!
2026-03-03 15:47:01,032 - werkzeug - WARNING -  * Debugger is active!
2026-03-03 15:47:01,040 - werkzeug - INFO -  * Debugger PIN: 133-895-586
2026-03-03 15:47:01,044 - werkzeug - INFO -  * Debugger PIN: 133-895-586
2026-03-03 15:47:01,045 - werkzeug - INFO -  * Debugger PIN: 133-895-586
2026-03-03 15:47:01,049 - werkzeug - INFO -  * Debugger PIN: 133-895-586
2026-03-03 15:47:27,124 - werkzeug - INFO -  * Detected change in 'C:\\Users\\RichelieuGVG\\Desktop\\diploma\\flightplanner\\agent\\run_inference.py', reloading
2026-03-03 15:47:27,124 - werkzeug - INFO -  * Detected change in 'C:\\Users\\RichelieuGVG\\Desktop\\diploma\\flightplanner\\agent\\run_inference.py', reloading
2026-03-03 15:47:27,124 - werkzeug - INFO -  * Detected change in 'C:\\Users\\RichelieuGVG\\Desktop\\diploma\\flightplanner\\agent\\run_inference.py', reloading
2026-03-03 15:47:27,125 - werkzeug - INFO -  * Detected change in 'C:\\Users\\RichelieuGVG\\Desktop\\diploma\\flightplanner\\agent\\run_inference.py', reloading
2026-03-03 15:47:27,125 - werkzeug - INFO -  * Detected change in 'C:\\Users\\RichelieuGVG\\Desktop\\diploma\\flightplanner\\agent\\run_inference.py', reloading
2026-03-03 15:47:27,125 - werkzeug - INFO -  * Detected change in 'C:\\Users\\RichelieuGVG\\Desktop\\diploma\\flightplanner\\agent\\run_inference.py', reloading
2026-03-03 15:47:27,125 - werkzeug - INFO -  * Detected change in 'C:\\Users\\RichelieuGVG\\Desktop\\diploma\\flightplanner\\agent\\run_inference.py', reloading
2026-03-03 15:47:27,126 - werkzeug - INFO -  * Detected change in 'C:\\Users\\RichelieuGVG\\Desktop\\diploma\\flightplanner\\agent\\run_inference.py', reloading
2026-03-03 15:47:27,126 - werkzeug - INFO -  * Detected change in 'C:\\Users\\RichelieuGVG\\Desktop\\diploma\\flightplanner\\agent\\run_inference.py', reloading
2026-03-03 15:47:28,178 - werkzeug - INFO -  * Restarting with watchdog (windowsapi)
2026-03-03 15:47:28,178 - werkzeug - INFO -  * Restarting with watchdog (windowsapi)
2026-03-03 15:47:28,178 - werkzeug - INFO -  * Restarting with watchdog (windowsapi)
2026-03-03 15:47:28,836 - werkzeug - WARNING -  * Debugger is active!
2026-03-03 15:47:28,837 - werkzeug - WARNING -  * Debugger is active!
2026-03-03 15:47:28,838 - werkzeug - WARNING -  * Debugger is active!
2026-03-03 15:47:28,853 - werkzeug - INFO -  * Debugger PIN: 133-895-586
2026-03-03 15:47:28,854 - werkzeug - INFO -  * Debugger PIN: 133-895-586
2026-03-03 15:47:28,855 - werkzeug - INFO -  * Debugger PIN: 133-895-586
2026-03-03 15:47:28,855 - werkzeug - INFO -  * Debugger PIN: 133-895-586
2026-03-03 15:47:47,897 - werkzeug - INFO - 127.0.0.1 - - [03/Mar/2026 15:47:47] "[36mGET / HTTP/1.1[0m" 304 -
2026-03-03 15:47:47,918 - werkzeug - INFO - 127.0.0.1 - - [03/Mar/2026 15:47:47] "[36mGET /static/styles.css HTTP/1.1[0m" 304 -
2026-03-03 15:47:48,152 - werkzeug - INFO - 127.0.0.1 - - [03/Mar/2026 15:47:48] "[36mGET /static/script.js HTTP/1.1[0m" 304 -
2026-03-03 15:47:48,681 - werkzeug - INFO - 127.0.0.1 - - [03/Mar/2026 15:47:48] "GET /api/aircraft_types HTTP/1.1" 200 -
2026-03-03 15:47:48,704 - werkzeug - INFO - 127.0.0.1 - - [03/Mar/2026 15:47:48] "[36mGET /airports/russian_civil_airports.json HTTP/1.1[0m" 304 -
2026-03-03 15:47:48,711 - werkzeug - INFO - 127.0.0.1 - - [03/Mar/2026 15:47:48] "GET /api/waypoints HTTP/1.1" 200 -
2026-03-03 15:48:05,366 - werkzeug - INFO - 127.0.0.1 - - [03/Mar/2026 15:48:05] "POST /api/optimize HTTP/1.1" 200 -
2026-03-03 15:48:05,390 - werkzeug - INFO - 127.0.0.1 - - [03/Mar/2026 15:48:05] "GET /weather/weather_data.json?t=1772542085383 HTTP/1.1" 200 -
2026-03-03 15:48:44,180 - werkzeug - INFO -  * Detected change in 'C:\\Users\\RichelieuGVG\\Desktop\\diploma\\flightplanner\\test_pickle.py', reloading
2026-03-03 15:48:44,181 - werkzeug - INFO -  * Detected change in 'C:\\Users\\RichelieuGVG\\Desktop\\diploma\\flightplanner\\test_pickle.py', reloading
2026-03-03 15:48:44,181 - werkzeug - INFO -  * Detected change in 'C:\\Users\\RichelieuGVG\\Desktop\\diploma\\flightplanner\\test_pickle.py', reloading
2026-03-03 15:48:44,181 - werkzeug - INFO -  * Detected change in 'C:\\Users\\RichelieuGVG\\Desktop\\diploma\\flightplanner\\test_pickle.py', reloading
2026-03-03 15:48:44,668 - werkzeug - INFO -  * Detected change in 'C:\\Users\\RichelieuGVG\\anaconda3\\Lib\\site-packages\\backcall\\__init__.py', reloading
2026-03-03 15:48:44,689 - werkzeug - INFO -  * Detected change in 'C:\\Users\\RichelieuGVG\\anaconda3\\Lib\\site-packages\\backcall\\backcall.py', reloading
2026-03-03 15:48:44,717 - werkzeug - INFO -  * Detected change in 'C:\\Users\\RichelieuGVG\\anaconda3\\Lib\\site-packages\\nbformat\\_version.py', reloading
2026-03-03 15:48:44,737 - werkzeug - INFO -  * Detected change in 'C:\\Users\\RichelieuGVG\\anaconda3\\Lib\\site-packages\\nbformat\\v1\\__init__.py', reloading
2026-03-03 15:48:44,747 - werkzeug - INFO -  * Detected change in 'C:\\Users\\RichelieuGVG\\anaconda3\\Lib\\site-packages\\backcall\\_signatures.py', reloading
2026-03-03 15:48:45,334 - werkzeug - INFO -  * Restarting with watchdog (windowsapi)
2026-03-03 15:48:45,340 - werkzeug - INFO -  * Restarting with watchdog (windowsapi)
2026-03-03 15:48:45,498 - werkzeug - INFO -  * Restarting with watchdog (windowsapi)
2026-03-03 15:48:45,913 - werkzeug - INFO -  * Restarting with watchdog (windowsapi)
2026-03-03 15:48:46,674 - werkzeug - WARNING -  * Debugger is active!
2026-03-03 15:48:46,694 - werkzeug - INFO -  * Debugger PIN: 133-895-586
2026-03-03 15:48:46,732 - werkzeug - INFO -  * Detected change in 'C:\\Users\\RichelieuGVG\\anaconda3\\Lib\\site-packages\\parso\\utils.py', reloading
2026-03-03 15:48:46,752 - werkzeug - INFO -  * Detected change in 'C:\\Users\\RichelieuGVG\\anaconda3\\Lib\\site-packages\\jedi\\inference\\value\\module.py', reloading
2026-03-03 15:48:46,774 - werkzeug - INFO -  * Detected change in 'C:\\Users\\RichelieuGVG\\anaconda3\\Lib\\site-packages\\parso\\cache.py', reloading
2026-03-03 15:48:46,776 - werkzeug - WARNING -  * Debugger is active!
2026-03-03 15:48:46,779 - werkzeug - WARNING -  * Debugger is active!
2026-03-03 15:48:46,796 - werkzeug - INFO -  * Detected change in 'C:\\Users\\RichelieuGVG\\anaconda3\\Lib\\site-packages\\jedi\\inference\\gradual\\typeshed.py', reloading
2026-03-03 15:48:46,797 - werkzeug - INFO -  * Debugger PIN: 133-895-586
2026-03-03 15:48:46,801 - werkzeug - INFO -  * Debugger PIN: 133-895-586
2026-03-03 15:48:46,820 - werkzeug - INFO -  * Detected change in 'C:\\Users\\RichelieuGVG\\anaconda3\\Lib\\site-packages\\jedi\\inference\\gradual\\stub_value.py', reloading
2026-03-03 15:48:46,825 - werkzeug - INFO -  * Detected change in 'C:\\Users\\RichelieuGVG\\anaconda3\\Lib\\site-packages\\trio\\_core\\_io_common.py', reloading
2026-03-03 15:48:46,842 - werkzeug - INFO -  * Detected change in 'C:\\Users\\RichelieuGVG\\anaconda3\\Lib\\site-packages\\jedi\\inference\\filters.py', reloading
2026-03-03 15:48:46,843 - werkzeug - INFO -  * Detected change in 'C:\\Users\\RichelieuGVG\\anaconda3\\Lib\\site-packages\\trio\\_core\\_windows_cffi.py', reloading
2026-03-03 15:48:46,843 - werkzeug - INFO -  * Detected change in 'C:\\Users\\RichelieuGVG\\anaconda3\\Lib\\site-packages\\jedi\\inference\\filters.py', reloading
2026-03-03 15:48:46,844 - werkzeug - INFO -  * Detected change in 'C:\\Users\\RichelieuGVG\\anaconda3\\Lib\\site-packages\\jedi\\inference\\filters.py', reloading
2026-03-03 15:48:46,844 - werkzeug - INFO -  * Detected change in 'C:\\Users\\RichelieuGVG\\anaconda3\\Lib\\site-packages\\trio\\_core\\_windows_cffi.py', reloading
2026-03-03 15:48:46,844 - werkzeug - INFO -  * Detected change in 'C:\\Users\\RichelieuGVG\\anaconda3\\Lib\\site-packages\\trio\\_core\\_windows_cffi.py', reloading
2026-03-03 15:48:46,847 - werkzeug - WARNING -  * Debugger is active!
2026-03-03 15:48:46,860 - werkzeug - INFO -  * Detected change in 'C:\\Users\\RichelieuGVG\\anaconda3\\Lib\\site-packages\\jedi\\inference\\names.py', reloading
2026-03-03 15:48:46,860 - werkzeug - INFO -  * Detected change in 'C:\\Users\\RichelieuGVG\\anaconda3\\Lib\\site-packages\\jedi\\inference\\names.py', reloading
2026-03-03 15:48:46,863 - werkzeug - INFO -  * Detected change in 'C:\\Users\\RichelieuGVG\\anaconda3\\Lib\\site-packages\\cffi\\__init__.py', reloading
2026-03-03 15:48:46,863 - werkzeug - INFO -  * Detected change in 'C:\\Users\\RichelieuGVG\\anaconda3\\Lib\\site-packages\\cffi\\__init__.py', reloading
2026-03-03 15:48:46,864 - werkzeug - INFO -  * Debugger PIN: 133-895-586
2026-03-03 15:48:46,878 - werkzeug - INFO -  * Detected change in 'C:\\Users\\RichelieuGVG\\anaconda3\\Lib\\site-packages\\jedi\\inference\\gradual\\typing.py', reloading
2026-03-03 15:48:46,878 - werkzeug - INFO -  * Detected change in 'C:\\Users\\RichelieuGVG\\anaconda3\\Lib\\site-packages\\jedi\\inference\\gradual\\typing.py', reloading
2026-03-03 15:48:46,881 - werkzeug - INFO -  * Detected change in 'C:\\Users\\RichelieuGVG\\anaconda3\\Lib\\site-packages\\cffi\\api.py', reloading
2026-03-03 15:48:46,881 - werkzeug - INFO -  * Detected change in 'C:\\Users\\RichelieuGVG\\anaconda3\\Lib\\site-packages\\cffi\\api.py', reloading
2026-03-03 15:48:46,881 - werkzeug - INFO -  * Detected change in 'C:\\Users\\RichelieuGVG\\anaconda3\\Lib\\site-packages\\cffi\\api.py', reloading
2026-03-03 15:48:46,898 - werkzeug - INFO -  * Detected change in 'C:\\Users\\RichelieuGVG\\anaconda3\\Lib\\site-packages\\cffi\\error.py', reloading
2026-03-03 15:48:46,898 - werkzeug - INFO -  * Detected change in 'C:\\Users\\RichelieuGVG\\anaconda3\\Lib\\site-packages\\cffi\\error.py', reloading
2026-03-03 15:48:46,900 - werkzeug - INFO -  * Detected change in 'C:\\Users\\RichelieuGVG\\anaconda3\\Lib\\site-packages\\cffi\\error.py', reloading
2026-03-03 15:48:46,901 - werkzeug - INFO -  * Detected change in 'C:\\Users\\RichelieuGVG\\anaconda3\\Lib\\site-packages\\jedi\\inference\\context.py', reloading
2026-03-03 15:48:46,913 - werkzeug - INFO -  * Detected change in 'C:\\Users\\RichelieuGVG\\anaconda3\\Lib\\site-packages\\cffi\\lock.py', reloading
2026-03-03 15:48:46,913 - werkzeug - INFO -  * Detected change in 'C:\\Users\\RichelieuGVG\\anaconda3\\Lib\\site-packages\\cffi\\lock.py', reloading
2026-03-03 15:48:46,913 - werkzeug - INFO -  * Detected change in 'C:\\Users\\RichelieuGVG\\anaconda3\\Lib\\site-packages\\cffi\\lock.py', reloading
2026-03-03 15:48:46,926 - werkzeug - INFO -  * Detected change in 'C:\\Users\\RichelieuGVG\\anaconda3\\Lib\\site-packages\\parso\\_compatibility.py', reloading
2026-03-03 15:48:46,926 - werkzeug - INFO -  * Detected change in 'C:\\Users\\RichelieuGVG\\anaconda3\\Lib\\site-packages\\parso\\_compatibility.py', reloading
2026-03-03 15:48:46,926 - werkzeug - INFO -  * Detected change in 'C:\\Users\\RichelieuGVG\\anaconda3\\Lib\\site-packages\\parso\\_compatibility.py', reloading
2026-03-03 15:48:46,930 - werkzeug - INFO -  * Detected change in 'C:\\Users\\RichelieuGVG\\anaconda3\\Lib\\site-packages\\cffi\\model.py', reloading
2026-03-03 15:48:46,930 - werkzeug - INFO -  * Detected change in 'C:\\Users\\RichelieuGVG\\anaconda3\\Lib\\site-packages\\cffi\\model.py', reloading
2026-03-03 15:48:46,945 - werkzeug - INFO -  * Detected change in 'C:\\Users\\RichelieuGVG\\anaconda3\\Lib\\site-packages\\jedi\\inference\\cache.py', reloading
2026-03-03 15:48:46,945 - werkzeug - INFO -  * Detected change in 'C:\\Users\\RichelieuGVG\\anaconda3\\Lib\\site-packages\\jedi\\inference\\cache.py', reloading
2026-03-03 15:48:46,951 - werkzeug - INFO -  * Detected change in 'C:\\Users\\RichelieuGVG\\anaconda3\\Lib\\site-packages\\cffi\\cparser.py', reloading
2026-03-03 15:48:46,951 - werkzeug - INFO -  * Detected change in 'C:\\Users\\RichelieuGVG\\anaconda3\\Lib\\site-packages\\cffi\\cparser.py', reloading
2026-03-03 15:48:46,962 - werkzeug - INFO -  * Detected change in 'C:\\Users\\RichelieuGVG\\anaconda3\\Lib\\site-packages\\jedi\\inference\\compiled\\__init__.py', reloading
2026-03-03 15:48:46,971 - werkzeug - INFO -  * Detected change in 'C:\\Users\\RichelieuGVG\\anaconda3\\Lib\\site-packages\\cffi\\verifier.py', reloading
2026-03-03 15:48:46,971 - werkzeug - INFO -  * Detected change in 'C:\\Users\\RichelieuGVG\\anaconda3\\Lib\\site-packages\\cffi\\verifier.py', reloading
2026-03-03 15:48:46,980 - werkzeug - INFO -  * Detected change in 'C:\\Users\\RichelieuGVG\\anaconda3\\Lib\\site-packages\\jedi\\inference\\imports.py', reloading
2026-03-03 15:48:46,980 - werkzeug - INFO -  * Detected change in 'C:\\Users\\RichelieuGVG\\anaconda3\\Lib\\site-packages\\jedi\\inference\\imports.py', reloading
2026-03-03 15:48:46,989 - werkzeug - INFO -  * Detected change in 'C:\\Users\\RichelieuGVG\\anaconda3\\Lib\\site-packages\\cffi\\pkgconfig.py', reloading
2026-03-03 15:48:46,989 - werkzeug - INFO -  * Detected change in 'C:\\Users\\RichelieuGVG\\anaconda3\\Lib\\site-packages\\cffi\\pkgconfig.py', reloading
2026-03-03 15:48:47,004 - werkzeug - INFO -  * Detected change in 'C:\\Users\\RichelieuGVG\\anaconda3\\Lib\\site-packages\\jedi\\inference\\finder.py', reloading
2026-03-03 15:48:47,004 - werkzeug - INFO -  * Detected change in 'C:\\Users\\RichelieuGVG\\anaconda3\\Lib\\site-packages\\jedi\\inference\\finder.py', reloading
2026-03-03 15:48:47,005 - werkzeug - INFO -  * Detected change in 'C:\\Users\\RichelieuGVG\\anaconda3\\Lib\\site-packages\\cffi\\recompiler.py', reloading
2026-03-03 15:48:47,005 - werkzeug - INFO -  * Detected change in 'C:\\Users\\RichelieuGVG\\anaconda3\\Lib\\site-packages\\cffi\\recompiler.py', reloading
2026-03-03 15:48:47,005 - werkzeug - INFO -  * Detected change in 'C:\\Users\\RichelieuGVG\\anaconda3\\Lib\\site-packages\\cffi\\recompiler.py', reloading
2026-03-03 15:48:47,021 - werkzeug - INFO -  * Detected change in 'C:\\Users\\RichelieuGVG\\anaconda3\\Lib\\site-packages\\cffi\\cffi_opcode.py', reloading
2026-03-03 15:48:47,022 - werkzeug - INFO -  * Detected change in 'C:\\Users\\RichelieuGVG\\anaconda3\\Lib\\site-packages\\jedi\\inference\\analysis.py', reloading
2026-03-03 15:48:47,035 - werkzeug - INFO -  * Detected change in 'C:\\Users\\RichelieuGVG\\anaconda3\\Lib\\site-packages\\jedi\\inference\\lazy_value.py', reloading
2026-03-03 15:48:47,050 - werkzeug - INFO -  * Detected change in 'C:\\Users\\RichelieuGVG\\anaconda3\\Lib\\site-packages\\cffi\\commontypes.py', reloading
2026-03-03 15:48:47,050 - werkzeug - INFO -  * Detected change in 'C:\\Users\\RichelieuGVG\\anaconda3\\Lib\\site-packages\\cffi\\commontypes.py', reloading
2026-03-03 15:48:47,053 - werkzeug - INFO -  * Detected change in 'C:\\Users\\RichelieuGVG\\anaconda3\\Lib\\site-packages\\jedi\\inference\\compiled\\value.py', reloading
2026-03-03 15:48:47,053 - werkzeug - INFO -  * Detected change in 'C:\\Users\\RichelieuGVG\\anaconda3\\Lib\\site-packages\\jedi\\inference\\compiled\\value.py', reloading
2026-03-03 15:48:47,053 - werkzeug - INFO -  * Detected change in 'C:\\Users\\RichelieuGVG\\anaconda3\\Lib\\site-packages\\jedi\\inference\\compiled\\value.py', reloading
2026-03-03 15:48:47,053 - werkzeug - INFO -  * Detected change in 'C:\\Users\\RichelieuGVG\\anaconda3\\Lib\\site-packages\\jedi\\inference\\compiled\\value.py', reloading
2026-03-03 15:48:47,067 - werkzeug - INFO -  * Detected change in 'C:\\Users\\RichelieuGVG\\anaconda3\\Lib\\site-packages\\pycparser\\__init__.py', reloading
2026-03-03 15:48:47,067 - werkzeug - INFO -  * Detected change in 'C:\\Users\\RichelieuGVG\\anaconda3\\Lib\\site-packages\\pycparser\\__init__.py', reloading
2026-03-03 15:48:47,067 - werkzeug - INFO -  * Detected change in 'C:\\Users\\RichelieuGVG\\anaconda3\\Lib\\site-packages\\pycparser\\__init__.py', reloading
2026-03-03 15:48:47,067 - werkzeug - INFO -  * Detected change in 'C:\\Users\\RichelieuGVG\\anaconda3\\Lib\\site-packages\\pycparser\\__init__.py', reloading
2026-03-03 15:48:47,071 - werkzeug - INFO -  * Detected change in 'C:\\Users\\RichelieuGVG\\anaconda3\\Lib\\site-packages\\jedi\\inference\\gradual\\annotation.py', reloading
2026-03-03 15:48:47,071 - werkzeug - INFO -  * Detected change in 'C:\\Users\\RichelieuGVG\\anaconda3\\Lib\\site-packages\\jedi\\inference\\gradual\\annotation.py', reloading
2026-03-03 15:48:47,087 - werkzeug - INFO -  * Detected change in 'C:\\Users\\RichelieuGVG\\anaconda3\\Lib\\site-packages\\pycparser\\yacctab.py', reloading
2026-03-03 15:48:47,087 - werkzeug - INFO -  * Detected change in 'C:\\Users\\RichelieuGVG\\anaconda3\\Lib\\site-packages\\pycparser\\yacctab.py', reloading
2026-03-03 15:48:47,087 - werkzeug - INFO -  * Detected change in 'C:\\Users\\RichelieuGVG\\anaconda3\\Lib\\site-packages\\pycparser\\yacctab.py', reloading
2026-03-03 15:48:47,094 - werkzeug - INFO -  * Detected change in 'C:\\Users\\RichelieuGVG\\anaconda3\\Lib\\site-packages\\jedi\\inference\\recursion.py', reloading
2026-03-03 15:48:47,094 - werkzeug - INFO -  * Detected change in 'C:\\Users\\RichelieuGVG\\anaconda3\\Lib\\site-packages\\jedi\\inference\\recursion.py', reloading
2026-03-03 15:48:47,099 - werkzeug - INFO -  * Detected change in 'C:\\Users\\RichelieuGVG\\anaconda3\\Lib\\site-packages\\pycparser\\lextab.py', reloading
2026-03-03 15:48:47,111 - werkzeug - INFO -  * Detected change in 'C:\\Users\\RichelieuGVG\\anaconda3\\Lib\\site-packages\\parso\\grammar.py', reloading
2026-03-03 15:48:47,111 - werkzeug - INFO -  * Detected change in 'C:\\Users\\RichelieuGVG\\anaconda3\\Lib\\site-packages\\parso\\grammar.py', reloading
2026-03-03 15:48:47,111 - werkzeug - INFO -  * Detected change in 'C:\\Users\\RichelieuGVG\\anaconda3\\Lib\\site-packages\\parso\\grammar.py', reloading
2026-03-03 15:48:47,127 - werkzeug - INFO -  * Detected change in 'C:\\Users\\RichelieuGVG\\anaconda3\\Lib\\site-packages\\jedi\\inference\\value\\klass.py', reloading
2026-03-03 15:48:47,133 - werkzeug - INFO -  * Detected change in 'C:\\Users\\RichelieuGVG\\anaconda3\\Lib\\site-packages\\pycparser\\c_ast.py', reloading
2026-03-03 15:48:47,133 - werkzeug - INFO -  * Detected change in 'C:\\Users\\RichelieuGVG\\anaconda3\\Lib\\site-packages\\pycparser\\c_ast.py', reloading
2026-03-03 15:48:47,133 - werkzeug - INFO -  * Detected change in 'C:\\Users\\RichelieuGVG\\anaconda3\\Lib\\site-packages\\pycparser\\c_ast.py', reloading
2026-03-03 15:48:47,146 - werkzeug - INFO -  * Detected change in 'C:\\Users\\RichelieuGVG\\anaconda3\\Lib\\site-packages\\jedi\\inference\\value\\function.py', reloading
2026-03-03 15:48:47,146 - werkzeug - INFO -  * Detected change in 'C:\\Users\\RichelieuGVG\\anaconda3\\Lib\\site-packages\\jedi\\inference\\value\\function.py', reloading
2026-03-03 15:48:47,164 - werkzeug - INFO -  * Detected change in 'C:\\Users\\RichelieuGVG\\anaconda3\\Lib\\site-packages\\parso\\parser.py', reloading
2026-03-03 15:48:47,164 - werkzeug - INFO -  * Detected change in 'C:\\Users\\RichelieuGVG\\anaconda3\\Lib\\site-packages\\parso\\parser.py', reloading
2026-03-03 15:48:47,164 - werkzeug - INFO -  * Detected change in 'C:\\Users\\RichelieuGVG\\anaconda3\\Lib\\site-packages\\parso\\parser.py', reloading
2026-03-03 15:48:47,178 - werkzeug - INFO -  * Detected change in 'C:\\Users\\RichelieuGVG\\anaconda3\\Lib\\site-packages\\pycparser\\c_parser.py', reloading
2026-03-03 15:48:47,178 - werkzeug - INFO -  * Detected change in 'C:\\Users\\RichelieuGVG\\anaconda3\\Lib\\site-packages\\pycparser\\c_parser.py', reloading
2026-03-03 15:48:47,178 - werkzeug - INFO -  * Detected change in 'C:\\Users\\RichelieuGVG\\anaconda3\\Lib\\site-packages\\pycparser\\c_parser.py', reloading
2026-03-03 15:48:47,178 - werkzeug - INFO -  * Detected change in 'C:\\Users\\RichelieuGVG\\anaconda3\\Lib\\site-packages\\pycparser\\c_parser.py', reloading
2026-03-03 15:48:47,178 - werkzeug - INFO -  * Detected change in 'C:\\Users\\RichelieuGVG\\anaconda3\\Lib\\site-packages\\parso\\pgen2\\__init__.py', reloading
2026-03-03 15:48:47,178 - werkzeug - INFO -  * Detected change in 'C:\\Users\\RichelieuGVG\\anaconda3\\Lib\\site-packages\\parso\\pgen2\\__init__.py', reloading
2026-03-03 15:48:47,179 - werkzeug - INFO -  * Detected change in 'C:\\Users\\RichelieuGVG\\anaconda3\\Lib\\site-packages\\parso\\pgen2\\__init__.py', reloading
2026-03-03 15:48:47,193 - werkzeug - INFO -  * Detected change in 'C:\\Users\\RichelieuGVG\\anaconda3\\Lib\\site-packages\\parso\\python\\diff.py', reloading
2026-03-03 15:48:47,193 - werkzeug - INFO -  * Detected change in 'C:\\Users\\RichelieuGVG\\anaconda3\\Lib\\site-packages\\parso\\python\\diff.py', reloading
2026-03-03 15:48:47,195 - werkzeug - INFO -  * Detected change in 'C:\\Users\\RichelieuGVG\\anaconda3\\Lib\\site-packages\\pycparser\\c_lexer.py', reloading
2026-03-03 15:48:47,195 - werkzeug - INFO -  * Detected change in 'C:\\Users\\RichelieuGVG\\anaconda3\\Lib\\site-packages\\pycparser\\c_lexer.py', reloading
2026-03-03 15:48:47,200 - werkzeug - INFO -  * Detected change in 'C:\\Users\\RichelieuGVG\\anaconda3\\Lib\\site-packages\\pycparser\\ply\\__init__.py', reloading
2026-03-03 15:48:47,201 - werkzeug - INFO -  * Detected change in 'C:\\Users\\RichelieuGVG\\anaconda3\\Lib\\site-packages\\pycparser\\ply\\__init__.py', reloading
2026-03-03 15:48:47,201 - werkzeug - INFO -  * Detected change in 'C:\\Users\\RichelieuGVG\\anaconda3\\Lib\\site-packages\\pycparser\\ply\\__init__.py', reloading
2026-03-03 15:48:47,209 - werkzeug - INFO -  * Detected change in 'C:\\Users\\RichelieuGVG\\anaconda3\\Lib\\site-packages\\parso\\python\\tokenize.py', reloading
2026-03-03 15:48:47,209 - werkzeug - INFO -  * Detected change in 'C:\\Users\\RichelieuGVG\\anaconda3\\Lib\\site-packages\\parso\\python\\tokenize.py', reloading
2026-03-03 15:48:47,209 - werkzeug - INFO -  * Detected change in 'C:\\Users\\RichelieuGVG\\anaconda3\\Lib\\site-packages\\parso\\python\\tokenize.py', reloading
2026-03-03 15:48:47,220 - werkzeug - INFO -  * Detected change in 'C:\\Users\\RichelieuGVG\\anaconda3\\Lib\\site-packages\\pycparser\\ply\\yacc.py', reloading
2026-03-03 15:48:47,220 - werkzeug - INFO -  * Detected change in 'C:\\Users\\RichelieuGVG\\anaconda3\\Lib\\site-packages\\pycparser\\ply\\yacc.py', reloading
2026-03-03 15:48:47,222 - werkzeug - INFO -  * Detected change in 'C:\\Users\\RichelieuGVG\\anaconda3\\Lib\\site-packages\\parso\\python\\token.py', reloading
2026-03-03 15:48:47,237 - werkzeug - INFO -  * Detected change in 'C:\\Users\\RichelieuGVG\\anaconda3\\Lib\\site-packages\\parso\\python\\parser.py', reloading
2026-03-03 15:48:47,237 - werkzeug - INFO -  * Detected change in 'C:\\Users\\RichelieuGVG\\anaconda3\\Lib\\site-packages\\parso\\python\\parser.py', reloading
2026-03-03 15:48:47,237 - werkzeug - INFO -  * Detected change in 'C:\\Users\\RichelieuGVG\\anaconda3\\Lib\\site-packages\\parso\\python\\parser.py', reloading
2026-03-03 15:48:47,245 - werkzeug - INFO -  * Detected change in 'C:\\Users\\RichelieuGVG\\anaconda3\\Lib\\site-packages\\pycparser\\plyparser.py', reloading
2026-03-03 15:48:47,245 - werkzeug - INFO -  * Detected change in 'C:\\Users\\RichelieuGVG\\anaconda3\\Lib\\site-packages\\pycparser\\plyparser.py', reloading
2026-03-03 15:48:47,245 - werkzeug - INFO -  * Detected change in 'C:\\Users\\RichelieuGVG\\anaconda3\\Lib\\site-packages\\pycparser\\plyparser.py', reloading
2026-03-03 15:48:47,245 - werkzeug - INFO -  * Detected change in 'C:\\Users\\RichelieuGVG\\anaconda3\\Lib\\site-packages\\pycparser\\plyparser.py', reloading
2026-03-03 15:48:47,247 - werkzeug - INFO -  * Detected change in 'C:\\Users\\RichelieuGVG\\anaconda3\\Lib\\site-packages\\pycparser\\ast_transforms.py', reloading
2026-03-03 15:48:47,247 - werkzeug - INFO -  * Detected change in 'C:\\Users\\RichelieuGVG\\anaconda3\\Lib\\site-packages\\pycparser\\ast_transforms.py', reloading
2026-03-03 15:48:47,247 - werkzeug - INFO -  * Detected change in 'C:\\Users\\RichelieuGVG\\anaconda3\\Lib\\site-packages\\pycparser\\ast_transforms.py', reloading
2026-03-03 15:48:47,255 - werkzeug - INFO -  * Detected change in 'C:\\Users\\RichelieuGVG\\anaconda3\\Lib\\site-packages\\parso\\python\\errors.py', reloading
2026-03-03 15:48:47,276 - werkzeug - INFO -  * Detected change in 'C:\\Users\\RichelieuGVG\\anaconda3\\Lib\\site-packages\\parso\\python\\pep8.py', reloading
2026-03-03 15:48:47,278 - werkzeug - INFO -  * Detected change in 'C:\\Users\\RichelieuGVG\\anaconda3\\Lib\\site-packages\\pycparser\\ply\\lex.py', reloading
2026-03-03 15:48:47,278 - werkzeug - INFO -  * Detected change in 'C:\\Users\\RichelieuGVG\\anaconda3\\Lib\\site-packages\\pycparser\\ply\\lex.py', reloading
2026-03-03 15:48:47,291 - werkzeug - INFO -  * Detected change in 'C:\\Users\\RichelieuGVG\\anaconda3\\Lib\\site-packages\\parso\\file_io.py', reloading
2026-03-03 15:48:47,291 - werkzeug - INFO -  * Detected change in 'C:\\Users\\RichelieuGVG\\anaconda3\\Lib\\site-packages\\parso\\file_io.py', reloading
2026-03-03 15:48:47,307 - werkzeug - INFO -  * Detected change in 'C:\\Users\\RichelieuGVG\\anaconda3\\Lib\\site-packages\\parso\\normalizer.py', reloading
2026-03-03 15:48:47,326 - werkzeug - INFO -  * Detected change in 'C:\\Users\\RichelieuGVG\\anaconda3\\Lib\\site-packages\\parso\\pgen2\\generator.py', reloading
2026-03-03 15:48:47,326 - werkzeug - INFO -  * Detected change in 'C:\\Users\\RichelieuGVG\\anaconda3\\Lib\\site-packages\\parso\\pgen2\\generator.py', reloading
2026-03-03 15:48:47,336 - werkzeug - INFO -  * Detected change in 'C:\\Users\\RichelieuGVG\\anaconda3\\Lib\\site-packages\\sniffio\\_version.py', reloading
2026-03-03 15:48:47,336 - werkzeug - INFO -  * Detected change in 'C:\\Users\\RichelieuGVG\\anaconda3\\Lib\\site-packages\\sniffio\\_version.py', reloading
2026-03-03 15:48:47,353 - werkzeug - INFO -  * Detected change in 'C:\\Users\\RichelieuGVG\\anaconda3\\Lib\\site-packages\\parso\\tree.py', reloading
2026-03-03 15:48:47,353 - werkzeug - INFO -  * Detected change in 'C:\\Users\\RichelieuGVG\\anaconda3\\Lib\\site-packages\\parso\\tree.py', reloading
2026-03-03 15:48:47,353 - werkzeug - INFO -  * Detected change in 'C:\\Users\\RichelieuGVG\\anaconda3\\Lib\\site-packages\\parso\\tree.py', reloading
2026-03-03 15:48:47,355 - werkzeug - INFO -  * Detected change in 'C:\\Users\\RichelieuGVG\\anaconda3\\Lib\\site-packages\\async_generator\\__init__.py', reloading
2026-03-03 15:48:47,372 - werkzeug - INFO -  * Detected change in 'C:\\Users\\RichelieuGVG\\anaconda3\\Lib\\site-packages\\async_generator\\_impl.py', reloading
2026-03-03 15:48:47,372 - werkzeug - INFO -  * Detected change in 'C:\\Users\\RichelieuGVG\\anaconda3\\Lib\\site-packages\\async_generator\\_impl.py', reloading
2026-03-03 15:48:47,372 - werkzeug - INFO -  * Detected change in 'C:\\Users\\RichelieuGVG\\anaconda3\\Lib\\site-packages\\async_generator\\_impl.py', reloading
2026-03-03 15:48:47,377 - werkzeug - INFO -  * Detected change in 'C:\\Users\\RichelieuGVG\\anaconda3\\Lib\\site-packages\\jedi\\inference\\value\\namespace.py', reloading
2026-03-03 15:48:47,394 - werkzeug - INFO -  * Detected change in 'C:\\Users\\RichelieuGVG\\anaconda3\\Lib\\site-packages\\outcome\\_util.py', reloading
2026-03-03 15:48:47,401 - werkzeug - INFO -  * Detected change in 'C:\\Users\\RichelieuGVG\\anaconda3\\Lib\\site-packages\\jedi\\common.py', reloading
2026-03-03 15:48:47,401 - werkzeug - INFO -  * Detected change in 'C:\\Users\\RichelieuGVG\\anaconda3\\Lib\\site-packages\\jedi\\common.py', reloading
2026-03-03 15:48:47,401 - werkzeug - INFO -  * Detected change in 'C:\\Users\\RichelieuGVG\\anaconda3\\Lib\\site-packages\\jedi\\common.py', reloading
2026-03-03 15:48:47,404 - werkzeug - INFO -  * Detected change in 'C:\\Users\\RichelieuGVG\\anaconda3\\Lib\\site-packages\\outcome\\_version.py', reloading
2026-03-03 15:48:47,404 - werkzeug - INFO -  * Detected change in 'C:\\Users\\RichelieuGVG\\anaconda3\\Lib\\site-packages\\outcome\\_version.py', reloading
2026-03-03 15:48:47,404 - werkzeug - INFO -  * Detected change in 'C:\\Users\\RichelieuGVG\\anaconda3\\Lib\\site-packages\\outcome\\_version.py', reloading
2026-03-03 15:48:47,468 - werkzeug - INFO -  * Detected change in 'C:\\Users\\RichelieuGVG\\anaconda3\\Lib\\site-packages\\jedi\\inference\\value\\instance.py', reloading
2026-03-03 15:48:47,468 - werkzeug - INFO -  * Detected change in 'C:\\Users\\RichelieuGVG\\anaconda3\\Lib\\site-packages\\jedi\\inference\\value\\instance.py', reloading
2026-03-03 15:48:47,500 - werkzeug - INFO -  * Detected change in 'C:\\Users\\RichelieuGVG\\anaconda3\\Lib\\site-packages\\jedi\\api\\strings.py', reloading
2026-03-03 15:48:47,500 - werkzeug - INFO -  * Detected change in 'C:\\Users\\RichelieuGVG\\anaconda3\\Lib\\site-packages\\jedi\\api\\strings.py', reloading
2026-03-03 15:48:47,513 - werkzeug - INFO -  * Detected change in 'C:\\Users\\RichelieuGVG\\anaconda3\\Lib\\site-packages\\jedi\\api\\file_name.py', reloading
2026-03-03 15:48:47,513 - werkzeug - INFO -  * Detected change in 'C:\\Users\\RichelieuGVG\\anaconda3\\Lib\\site-packages\\jedi\\api\\file_name.py', reloading
2026-03-03 15:48:47,513 - werkzeug - INFO -  * Detected change in 'C:\\Users\\RichelieuGVG\\anaconda3\\Lib\\site-packages\\jedi\\api\\file_name.py', reloading
2026-03-03 15:48:47,513 - werkzeug - INFO -  * Detected change in 'C:\\Users\\RichelieuGVG\\anaconda3\\Lib\\site-packages\\jedi\\api\\file_name.py', reloading
2026-03-03 15:48:47,544 - werkzeug - INFO -  * Detected change in 'C:\\Users\\RichelieuGVG\\anaconda3\\Lib\\site-packages\\jedi\\inference\\compiled\\mixed.py', reloading
2026-03-03 15:48:47,544 - werkzeug - INFO -  * Detected change in 'C:\\Users\\RichelieuGVG\\anaconda3\\Lib\\site-packages\\jedi\\inference\\compiled\\mixed.py', reloading
2026-03-03 15:48:47,544 - werkzeug - INFO -  * Detected change in 'C:\\Users\\RichelieuGVG\\anaconda3\\Lib\\site-packages\\jedi\\inference\\compiled\\mixed.py', reloading
2026-03-03 15:48:47,558 - werkzeug - INFO -  * Detected change in 'C:\\Users\\RichelieuGVG\\anaconda3\\Lib\\site-packages\\jedi\\api\\completion_cache.py', reloading
2026-03-03 15:48:47,588 - werkzeug - INFO -  * Detected change in 'C:\\Users\\RichelieuGVG\\anaconda3\\Lib\\site-packages\\jedi\\inference\\value\\dynamic_arrays.py', reloading
2026-03-03 15:48:47,590 - werkzeug - INFO -  * Detected change in 'C:\\Users\\RichelieuGVG\\anaconda3\\Lib\\site-packages\\jedi\\inference\\value\\dynamic_arrays.py', reloading
2026-03-03 15:48:47,591 - werkzeug - INFO -  * Detected change in 'C:\\Users\\RichelieuGVG\\anaconda3\\Lib\\site-packages\\jedi\\inference\\value\\dynamic_arrays.py', reloading
2026-03-03 15:48:47,610 - werkzeug - INFO -  * Detected change in 'C:\\Users\\RichelieuGVG\\anaconda3\\Lib\\site-packages\\jedi\\inference\\compiled\\access.py', reloading
2026-03-03 15:48:47,625 - werkzeug - INFO -  * Detected change in 'C:\\Users\\RichelieuGVG\\anaconda3\\Lib\\site-packages\\jedi\\inference\\gradual\\__init__.py', reloading
2026-03-03 15:48:47,644 - werkzeug - INFO -  * Detected change in 'C:\\Users\\RichelieuGVG\\anaconda3\\Lib\\site-packages\\jedi\\inference\\value\\decorator.py', reloading
2026-03-03 15:48:47,678 - werkzeug - INFO -  * Detected change in 'C:\\Users\\RichelieuGVG\\anaconda3\\Lib\\site-packages\\parso\\python\\prefix.py', reloading
2026-03-03 15:48:47,678 - werkzeug - INFO -  * Detected change in 'C:\\Users\\RichelieuGVG\\anaconda3\\Lib\\site-packages\\parso\\python\\prefix.py', reloading
2026-03-03 15:48:47,678 - werkzeug - INFO -  * Detected change in 'C:\\Users\\RichelieuGVG\\anaconda3\\Lib\\site-packages\\parso\\python\\prefix.py', reloading
2026-03-03 15:48:47,706 - werkzeug - INFO -  * Detected change in 'C:\\Users\\RichelieuGVG\\anaconda3\\Lib\\site-packages\\jedi\\inference\\signature.py', reloading
2026-03-03 15:48:47,706 - werkzeug - INFO -  * Detected change in 'C:\\Users\\RichelieuGVG\\anaconda3\\Lib\\site-packages\\jedi\\inference\\signature.py', reloading
2026-03-03 15:48:47,730 - werkzeug - INFO -  * Detected change in 'C:\\Users\\RichelieuGVG\\anaconda3\\Lib\\site-packages\\jedi\\inference\\docstrings.py', reloading
2026-03-03 15:48:47,731 - werkzeug - INFO -  * Detected change in 'C:\\Users\\RichelieuGVG\\anaconda3\\Lib\\site-packages\\jedi\\inference\\docstrings.py', reloading
2026-03-03 15:48:47,732 - werkzeug - INFO -  * Detected change in 'C:\\Users\\RichelieuGVG\\anaconda3\\Lib\\site-packages\\jedi\\inference\\docstrings.py', reloading
2026-03-03 15:48:47,733 - werkzeug - INFO -  * Detected change in 'C:\\Users\\RichelieuGVG\\anaconda3\\Lib\\site-packages\\jedi\\inference\\docstrings.py', reloading
2026-03-03 15:48:47,777 - werkzeug - INFO -  * Detected change in 'C:\\Users\\RichelieuGVG\\anaconda3\\Lib\\site-packages\\jedi\\inference\\gradual\\generics.py', reloading
2026-03-03 15:48:47,777 - werkzeug - INFO -  * Detected change in 'C:\\Users\\RichelieuGVG\\anaconda3\\Lib\\site-packages\\jedi\\inference\\gradual\\generics.py', reloading
2026-03-03 15:48:47,795 - werkzeug - INFO -  * Detected change in 'C:\\Users\\RichelieuGVG\\anaconda3\\Lib\\site-packages\\jedi\\inference\\gradual\\base.py', reloading
2026-03-03 15:48:47,813 - werkzeug - INFO -  * Detected change in 'C:\\Users\\RichelieuGVG\\anaconda3\\Lib\\site-packages\\jedi\\inference\\flow_analysis.py', reloading
2026-03-03 15:48:47,813 - werkzeug - INFO -  * Detected change in 'C:\\Users\\RichelieuGVG\\anaconda3\\Lib\\site-packages\\jedi\\inference\\flow_analysis.py', reloading
2026-03-03 15:48:47,814 - werkzeug - INFO -  * Detected change in 'C:\\Users\\RichelieuGVG\\anaconda3\\Lib\\site-packages\\jedi\\inference\\flow_analysis.py', reloading
2026-03-03 15:48:47,836 - werkzeug - INFO -  * Detected change in 'C:\\Users\\RichelieuGVG\\anaconda3\\Lib\\site-packages\\jedi\\inference\\compiled\\getattr_static.py', reloading
2026-03-03 15:48:47,836 - werkzeug - INFO -  * Detected change in 'C:\\Users\\RichelieuGVG\\anaconda3\\Lib\\site-packages\\jedi\\inference\\compiled\\getattr_static.py', reloading
2026-03-03 15:48:47,836 - werkzeug - INFO -  * Detected change in 'C:\\Users\\RichelieuGVG\\anaconda3\\Lib\\site-packages\\jedi\\inference\\compiled\\getattr_static.py', reloading
2026-03-03 15:48:48,793 - werkzeug - INFO -  * Restarting with watchdog (windowsapi)
2026-03-03 15:48:48,908 - werkzeug - INFO -  * Restarting with watchdog (windowsapi)
2026-03-03 15:48:48,910 - werkzeug - INFO -  * Restarting with watchdog (windowsapi)
2026-03-03 15:48:48,911 - werkzeug - INFO -  * Restarting with watchdog (windowsapi)
2026-03-03 15:48:49,502 - werkzeug - WARNING -  * Debugger is active!
2026-03-03 15:48:49,518 - werkzeug - INFO -  * Debugger PIN: 133-895-586
2026-03-03 15:48:49,621 - werkzeug - WARNING -  * Debugger is active!
2026-03-03 15:48:49,622 - werkzeug - WARNING -  * Debugger is active!
2026-03-03 15:48:49,624 - werkzeug - WARNING -  * Debugger is active!
2026-03-03 15:48:49,638 - werkzeug - INFO -  * Debugger PIN: 133-895-586
2026-03-03 15:48:49,638 - werkzeug - INFO -  * Debugger PIN: 133-895-586
2026-03-03 15:48:49,638 - werkzeug - INFO -  * Debugger PIN: 133-895-586
2026-03-03 15:50:41,007 - werkzeug - INFO - 127.0.0.1 - - [03/Mar/2026 15:50:41] "[36mGET / HTTP/1.1[0m" 304 -
2026-03-03 15:50:41,254 - werkzeug - INFO - 127.0.0.1 - - [03/Mar/2026 15:50:41] "[36mGET /static/styles.css HTTP/1.1[0m" 304 -
2026-03-03 15:50:41,362 - werkzeug - INFO - 127.0.0.1 - - [03/Mar/2026 15:50:41] "GET /static/script.js HTTP/1.1" 200 -
2026-03-03 15:50:41,388 - werkzeug - INFO - 127.0.0.1 - - [03/Mar/2026 15:50:41] "GET /api/waypoints HTTP/1.1" 200 -
2026-03-03 15:50:41,683 - werkzeug - INFO - 127.0.0.1 - - [03/Mar/2026 15:50:41] "GET /api/aircraft_types HTTP/1.1" 200 -
2026-03-03 15:50:41,684 - werkzeug - INFO - 127.0.0.1 - - [03/Mar/2026 15:50:41] "[36mGET /airports/russian_civil_airports.json HTTP/1.1[0m" 304 -
2026-03-03 15:50:41,745 - werkzeug - INFO - 127.0.0.1 - - [03/Mar/2026 15:50:41] "[36mGET /static/favicon.ico HTTP/1.1[0m" 304 -
2026-03-03 15:50:44,769 - werkzeug - INFO - 127.0.0.1 - - [03/Mar/2026 15:50:44] "[36mGET / HTTP/1.1[0m" 304 -
2026-03-03 15:50:45,015 - werkzeug - INFO - 127.0.0.1 - - [03/Mar/2026 15:50:45] "[36mGET /static/styles.css HTTP/1.1[0m" 304 -
2026-03-03 15:50:45,107 - werkzeug - INFO - 127.0.0.1 - - [03/Mar/2026 15:50:45] "[36mGET /static/script.js HTTP/1.1[0m" 304 -
2026-03-03 15:50:45,132 - werkzeug - INFO - 127.0.0.1 - - [03/Mar/2026 15:50:45] "GET /api/waypoints HTTP/1.1" 200 -
2026-03-03 15:50:45,435 - werkzeug - INFO - 127.0.0.1 - - [03/Mar/2026 15:50:45] "GET /api/aircraft_types HTTP/1.1" 200 -
2026-03-03 15:50:45,436 - werkzeug - INFO - 127.0.0.1 - - [03/Mar/2026 15:50:45] "[36mGET /airports/russian_civil_airports.json HTTP/1.1[0m" 304 -
2026-03-03 15:50:45,465 - werkzeug - INFO - 127.0.0.1 - - [03/Mar/2026 15:50:45] "[36mGET /static/favicon.ico HTTP/1.1[0m" 304 -
2026-03-03 15:50:54,110 - werkzeug - INFO - 127.0.0.1 - - [03/Mar/2026 15:50:54] "POST /api/optimize HTTP/1.1" 200 -
2026-03-03 15:50:54,120 - werkzeug - INFO - 127.0.0.1 - - [03/Mar/2026 15:50:54] "GET /weather/weather_data.json?t=1772542254117 HTTP/1.1" 200 -
2026-03-03 15:54:55,853 - werkzeug - INFO -  * Detected change in 'C:\\Users\\RichelieuGVG\\Desktop\\diploma\\flightplanner\\agent\\the_two_planes.py', reloading
2026-03-03 15:54:55,853 - werkzeug - INFO -  * Detected change in 'C:\\Users\\RichelieuGVG\\Desktop\\diploma\\flightplanner\\agent\\the_two_planes.py', reloading
2026-03-03 15:54:55,853 - werkzeug - INFO -  * Detected change in 'C:\\Users\\RichelieuGVG\\Desktop\\diploma\\flightplanner\\agent\\the_two_planes.py', reloading
2026-03-03 15:54:55,853 - werkzeug - INFO -  * Detected change in 'C:\\Users\\RichelieuGVG\\Desktop\\diploma\\flightplanner\\agent\\the_two_planes.py', reloading
2026-03-03 15:54:55,854 - werkzeug - INFO -  * Detected change in 'C:\\Users\\RichelieuGVG\\Desktop\\diploma\\flightplanner\\agent\\the_two_planes.py', reloading
2026-03-03 15:54:55,854 - werkzeug - INFO -  * Detected change in 'C:\\Users\\RichelieuGVG\\Desktop\\diploma\\flightplanner\\agent\\the_two_planes.py', reloading
2026-03-03 15:54:55,854 - werkzeug - INFO -  * Detected change in 'C:\\Users\\RichelieuGVG\\Desktop\\diploma\\flightplanner\\agent\\the_two_planes.py', reloading
2026-03-03 15:54:55,856 - werkzeug - INFO -  * Detected change in 'C:\\Users\\RichelieuGVG\\Desktop\\diploma\\flightplanner\\agent\\the_two_planes.py', reloading
2026-03-03 15:54:55,856 - werkzeug - INFO -  * Detected change in 'C:\\Users\\RichelieuGVG\\Desktop\\diploma\\flightplanner\\agent\\the_two_planes.py', reloading
2026-03-03 15:54:55,857 - werkzeug - INFO -  * Detected change in 'C:\\Users\\RichelieuGVG\\Desktop\\diploma\\flightplanner\\agent\\the_two_planes.py', reloading
2026-03-03 15:54:56,911 - werkzeug - INFO -  * Restarting with watchdog (windowsapi)
2026-03-03 15:54:56,926 - werkzeug - INFO -  * Restarting with watchdog (windowsapi)
2026-03-03 15:54:57,624 - werkzeug - WARNING -  * Debugger is active!
2026-03-03 15:54:57,624 - werkzeug - WARNING -  * Debugger is active!
2026-03-03 15:54:57,629 - werkzeug - WARNING -  * Debugger is active!
2026-03-03 15:54:57,635 - werkzeug - WARNING -  * Debugger is active!
2026-03-03 15:54:57,641 - werkzeug - INFO -  * Debugger PIN: 133-895-586
2026-03-03 15:54:57,648 - werkzeug - INFO -  * Debugger PIN: 133-895-586
2026-03-03 15:54:57,653 - werkzeug - INFO -  * Debugger PIN: 133-895-586
2026-03-03 15:55:27,933 - werkzeug - INFO -  * Detected change in 'C:\\Users\\RichelieuGVG\\Desktop\\diploma\\flightplanner\\agent\\the_two_planes.py', reloading
2026-03-03 15:55:27,933 - werkzeug - INFO -  * Detected change in 'C:\\Users\\RichelieuGVG\\Desktop\\diploma\\flightplanner\\agent\\the_two_planes.py', reloading
2026-03-03 15:55:27,933 - werkzeug - INFO -  * Detected change in 'C:\\Users\\RichelieuGVG\\Desktop\\diploma\\flightplanner\\agent\\the_two_planes.py', reloading
2026-03-03 15:55:27,934 - werkzeug - INFO -  * Detected change in 'C:\\Users\\RichelieuGVG\\Desktop\\diploma\\flightplanner\\agent\\the_two_planes.py', reloading
2026-03-03 15:55:27,935 - werkzeug - INFO -  * Detected change in 'C:\\Users\\RichelieuGVG\\Desktop\\diploma\\flightplanner\\agent\\the_two_planes.py', reloading
2026-03-03 15:55:27,935 - werkzeug - INFO -  * Detected change in 'C:\\Users\\RichelieuGVG\\Desktop\\diploma\\flightplanner\\agent\\the_two_planes.py', reloading
2026-03-03 15:55:27,936 - werkzeug - INFO -  * Detected change in 'C:\\Users\\RichelieuGVG\\Desktop\\diploma\\flightplanner\\agent\\the_two_planes.py', reloading
2026-03-03 15:55:27,936 - werkzeug - INFO -  * Detected change in 'C:\\Users\\RichelieuGVG\\Desktop\\diploma\\flightplanner\\agent\\the_two_planes.py', reloading
2026-03-03 15:55:27,936 - werkzeug - INFO -  * Detected change in 'C:\\Users\\RichelieuGVG\\Desktop\\diploma\\flightplanner\\agent\\the_two_planes.py', reloading
2026-03-03 15:55:27,936 - werkzeug - INFO -  * Detected change in 'C:\\Users\\RichelieuGVG\\Desktop\\diploma\\flightplanner\\agent\\the_two_planes.py', reloading
2026-03-03 15:55:28,991 - werkzeug - INFO -  * Restarting with watchdog (windowsapi)
2026-03-03 15:55:28,994 - werkzeug - INFO -  * Restarting with watchdog (windowsapi)
2026-03-03 15:55:28,994 - werkzeug - INFO -  * Restarting with watchdog (windowsapi)
2026-03-03 15:55:28,996 - werkzeug - INFO -  * Restarting with watchdog (windowsapi)
2026-03-03 15:55:29,620 - werkzeug - WARNING -  * Debugger is active!
2026-03-03 15:55:29,622 - werkzeug - WARNING -  * Debugger is active!
2026-03-03 15:55:29,622 - werkzeug - WARNING -  * Debugger is active!
2026-03-03 15:55:29,622 - werkzeug - WARNING -  * Debugger is active!
2026-03-03 15:55:29,636 - werkzeug - INFO -  * Debugger PIN: 133-895-586
2026-03-03 15:55:29,638 - werkzeug - INFO -  * Debugger PIN: 133-895-586
2026-03-03 15:55:29,639 - werkzeug - INFO -  * Debugger PIN: 133-895-586
2026-03-03 15:55:52,165 - werkzeug - INFO -  * Detected change in 'C:\\Users\\RichelieuGVG\\Desktop\\diploma\\flightplanner\\app.py', reloading
2026-03-03 15:55:52,166 - werkzeug - INFO -  * Detected change in 'C:\\Users\\RichelieuGVG\\Desktop\\diploma\\flightplanner\\app.py', reloading
2026-03-03 15:55:52,167 - werkzeug - INFO -  * Detected change in 'C:\\Users\\RichelieuGVG\\Desktop\\diploma\\flightplanner\\app.py', reloading
2026-03-03 15:55:52,167 - werkzeug - INFO -  * Detected change in 'C:\\Users\\RichelieuGVG\\Desktop\\diploma\\flightplanner\\app.py', reloading
2026-03-03 15:55:52,167 - werkzeug - INFO -  * Detected change in 'C:\\Users\\RichelieuGVG\\Desktop\\diploma\\flightplanner\\app.py', reloading
2026-03-03 15:55:52,167 - werkzeug - INFO -  * Detected change in 'C:\\Users\\RichelieuGVG\\Desktop\\diploma\\flightplanner\\app.py', reloading
2026-03-03 15:55:52,168 - werkzeug - INFO -  * Detected change in 'C:\\Users\\RichelieuGVG\\Desktop\\diploma\\flightplanner\\app.py', reloading
2026-03-03 15:55:52,168 - werkzeug - INFO -  * Detected change in 'C:\\Users\\RichelieuGVG\\Desktop\\diploma\\flightplanner\\app.py', reloading
2026-03-03 15:55:52,169 - werkzeug - INFO -  * Detected change in 'C:\\Users\\RichelieuGVG\\Desktop\\diploma\\flightplanner\\app.py', reloading
2026-03-03 15:55:53,225 - werkzeug - INFO -  * Restarting with watchdog (windowsapi)
2026-03-03 15:55:53,230 - werkzeug - INFO -  * Restarting with watchdog (windowsapi)
2026-03-03 15:55:53,232 - werkzeug - INFO -  * Restarting with watchdog (windowsapi)
2026-03-03 15:55:53,890 - werkzeug - WARNING -  * Debugger is active!
2026-03-03 15:55:53,890 - werkzeug - WARNING -  * Debugger is active!
2026-03-03 15:55:53,891 - werkzeug - WARNING -  * Debugger is active!
2026-03-03 15:55:53,891 - werkzeug - WARNING -  * Debugger is active!
2026-03-03 15:55:53,907 - werkzeug - INFO -  * Debugger PIN: 133-895-586
2026-03-03 15:55:53,908 - werkzeug - INFO -  * Debugger PIN: 133-895-586
2026-03-03 15:55:53,908 - werkzeug - INFO -  * Debugger PIN: 133-895-586
2026-03-03 15:55:53,908 - werkzeug - INFO -  * Debugger PIN: 133-895-586
2026-03-03 15:56:36,075 - werkzeug - INFO -  * Detected change in 'C:\\Users\\RichelieuGVG\\Desktop\\diploma\\flightplanner\\agent\\run_inference.py', reloading
2026-03-03 15:56:36,075 - werkzeug - INFO -  * Detected change in 'C:\\Users\\RichelieuGVG\\Desktop\\diploma\\flightplanner\\agent\\run_inference.py', reloading
2026-03-03 15:56:36,076 - werkzeug - INFO -  * Detected change in 'C:\\Users\\RichelieuGVG\\Desktop\\diploma\\flightplanner\\agent\\run_inference.py', reloading
2026-03-03 15:56:36,076 - werkzeug - INFO -  * Detected change in 'C:\\Users\\RichelieuGVG\\Desktop\\diploma\\flightplanner\\agent\\run_inference.py', reloading
2026-03-03 15:56:36,076 - werkzeug - INFO -  * Detected change in 'C:\\Users\\RichelieuGVG\\Desktop\\diploma\\flightplanner\\agent\\run_inference.py', reloading
2026-03-03 15:56:36,077 - werkzeug - INFO -  * Detected change in 'C:\\Users\\RichelieuGVG\\Desktop\\diploma\\flightplanner\\agent\\run_inference.py', reloading
2026-03-03 15:56:36,077 - werkzeug - INFO -  * Detected change in 'C:\\Users\\RichelieuGVG\\Desktop\\diploma\\flightplanner\\agent\\run_inference.py', reloading
2026-03-03 15:56:36,077 - werkzeug - INFO -  * Detected change in 'C:\\Users\\RichelieuGVG\\Desktop\\diploma\\flightplanner\\agent\\run_inference.py', reloading
2026-03-03 15:56:36,078 - werkzeug - INFO -  * Detected change in 'C:\\Users\\RichelieuGVG\\Desktop\\diploma\\flightplanner\\agent\\run_inference.py', reloading
2026-03-03 15:56:36,078 - werkzeug - INFO -  * Detected change in 'C:\\Users\\RichelieuGVG\\Desktop\\diploma\\flightplanner\\agent\\run_inference.py', reloading
2026-03-03 15:56:37,138 - werkzeug - INFO -  * Restarting with watchdog (windowsapi)
2026-03-03 15:56:37,141 - werkzeug - INFO -  * Restarting with watchdog (windowsapi)
2026-03-03 15:56:37,145 - werkzeug - INFO -  * Restarting with watchdog (windowsapi)
2026-03-03 15:56:37,806 - werkzeug - WARNING -  * Debugger is active!
2026-03-03 15:56:37,806 - werkzeug - WARNING -  * Debugger is active!
2026-03-03 15:56:37,807 - werkzeug - WARNING -  * Debugger is active!
2026-03-03 15:56:37,821 - werkzeug - INFO -  * Debugger PIN: 133-895-586
2026-03-03 15:56:37,821 - werkzeug - INFO -  * Debugger PIN: 133-895-586
2026-03-03 15:56:37,824 - werkzeug - INFO -  * Debugger PIN: 133-895-586
2026-03-03 15:56:37,824 - werkzeug - INFO -  * Debugger PIN: 133-895-586
2026-03-03 15:57:18,741 - werkzeug - INFO - 127.0.0.1 - - [03/Mar/2026 15:57:18] "[36mGET / HTTP/1.1[0m" 304 -
2026-03-03 15:57:18,761 - werkzeug - INFO - 127.0.0.1 - - [03/Mar/2026 15:57:18] "[36mGET /static/styles.css HTTP/1.1[0m" 304 -
2026-03-03 15:57:18,997 - werkzeug - INFO - 127.0.0.1 - - [03/Mar/2026 15:57:18] "GET /static/script.js HTTP/1.1" 200 -
2026-03-03 15:57:19,349 - werkzeug - INFO - 127.0.0.1 - - [03/Mar/2026 15:57:19] "GET /api/aircraft_types HTTP/1.1" 200 -
2026-03-03 15:57:19,352 - werkzeug - INFO - 127.0.0.1 - - [03/Mar/2026 15:57:19] "GET /api/waypoints HTTP/1.1" 200 -
2026-03-03 15:57:19,352 - werkzeug - INFO - 127.0.0.1 - - [03/Mar/2026 15:57:19] "[36mGET /airports/russian_civil_airports.json HTTP/1.1[0m" 304 -
2026-03-03 15:57:56,381 - werkzeug - INFO - 127.0.0.1 - - [03/Mar/2026 15:57:56] "POST /api/optimize HTTP/1.1" 200 -
2026-03-03 15:57:56,415 - werkzeug - INFO - 127.0.0.1 - - [03/Mar/2026 15:57:56] "GET /weather/weather_data.json?t=1772542676408 HTTP/1.1" 200 -
2026-03-03 16:00:31,102 - werkzeug - INFO - 127.0.0.1 - - [03/Mar/2026 16:00:31] "[36mGET / HTTP/1.1[0m" 304 -
2026-03-03 16:00:31,440 - werkzeug - INFO - 127.0.0.1 - - [03/Mar/2026 16:00:31] "[36mGET /static/styles.css HTTP/1.1[0m" 304 -
2026-03-03 16:00:31,441 - werkzeug - INFO - 127.0.0.1 - - [03/Mar/2026 16:00:31] "GET /static/script.js HTTP/1.1" 200 -
2026-03-03 16:00:31,715 - werkzeug - INFO - 127.0.0.1 - - [03/Mar/2026 16:00:31] "GET /api/waypoints HTTP/1.1" 200 -
2026-03-03 16:00:31,780 - werkzeug - INFO - 127.0.0.1 - - [03/Mar/2026 16:00:31] "GET /api/aircraft_types HTTP/1.1" 200 -
2026-03-03 16:00:31,781 - werkzeug - INFO - 127.0.0.1 - - [03/Mar/2026 16:00:31] "[36mGET /airports/russian_civil_airports.json HTTP/1.1[0m" 304 -
2026-03-03 16:00:31,782 - werkzeug - INFO - 127.0.0.1 - - [03/Mar/2026 16:00:31] "[36mGET /static/favicon.ico HTTP/1.1[0m" 304 -
2026-03-03 16:00:39,390 - werkzeug - INFO - 127.0.0.1 - - [03/Mar/2026 16:00:39] "POST /api/optimize HTTP/1.1" 200 -
2026-03-03 16:00:39,703 - werkzeug - INFO - 127.0.0.1 - - [03/Mar/2026 16:00:39] "GET /weather/weather_data.json?t=1772542839396 HTTP/1.1" 200 -
2026-03-03 16:03:43,507 - werkzeug - INFO -  * Detected change in 'C:\\Users\\RichelieuGVG\\Desktop\\diploma\\flightplanner\\agent\\run_inference.py', reloading
2026-03-03 16:03:43,508 - werkzeug - INFO -  * Detected change in 'C:\\Users\\RichelieuGVG\\Desktop\\diploma\\flightplanner\\agent\\run_inference.py', reloading
2026-03-03 16:03:43,508 - werkzeug - INFO -  * Detected change in 'C:\\Users\\RichelieuGVG\\Desktop\\diploma\\flightplanner\\agent\\run_inference.py', reloading
2026-03-03 16:03:43,508 - werkzeug - INFO -  * Detected change in 'C:\\Users\\RichelieuGVG\\Desktop\\diploma\\flightplanner\\agent\\run_inference.py', reloading
2026-03-03 16:03:43,508 - werkzeug - INFO -  * Detected change in 'C:\\Users\\RichelieuGVG\\Desktop\\diploma\\flightplanner\\agent\\run_inference.py', reloading
2026-03-03 16:03:43,509 - werkzeug - INFO -  * Detected change in 'C:\\Users\\RichelieuGVG\\Desktop\\diploma\\flightplanner\\agent\\run_inference.py', reloading
2026-03-03 16:03:43,509 - werkzeug - INFO -  * Detected change in 'C:\\Users\\RichelieuGVG\\Desktop\\diploma\\flightplanner\\agent\\run_inference.py', reloading
2026-03-03 16:03:43,509 - werkzeug - INFO -  * Detected change in 'C:\\Users\\RichelieuGVG\\Desktop\\diploma\\flightplanner\\agent\\run_inference.py', reloading
2026-03-03 16:03:43,510 - werkzeug - INFO -  * Detected change in 'C:\\Users\\RichelieuGVG\\Desktop\\diploma\\flightplanner\\agent\\run_inference.py', reloading
2026-03-03 16:03:43,511 - werkzeug - INFO -  * Detected change in 'C:\\Users\\RichelieuGVG\\Desktop\\diploma\\flightplanner\\agent\\run_inference.py', reloading
2026-03-03 16:03:43,511 - werkzeug - INFO -  * Detected change in 'C:\\Users\\RichelieuGVG\\Desktop\\diploma\\flightplanner\\agent\\run_inference.py', reloading
2026-03-03 16:03:44,560 - werkzeug - INFO -  * Restarting with watchdog (windowsapi)
2026-03-03 16:03:44,564 - werkzeug - INFO -  * Restarting with watchdog (windowsapi)
2026-03-03 16:03:44,564 - werkzeug - INFO -  * Restarting with watchdog (windowsapi)
2026-03-03 16:03:44,583 - werkzeug - INFO -  * Restarting with watchdog (windowsapi)
2026-03-03 16:03:45,262 - werkzeug - WARNING -  * Debugger is active!
2026-03-03 16:03:45,265 - werkzeug - WARNING -  * Debugger is active!
2026-03-03 16:03:45,266 - werkzeug - WARNING -  * Debugger is active!
2026-03-03 16:03:45,270 - werkzeug - WARNING -  * Debugger is active!
2026-03-03 16:03:45,282 - werkzeug - INFO -  * Debugger PIN: 133-895-586
2026-03-03 16:03:45,282 - werkzeug - INFO -  * Debugger PIN: 133-895-586
2026-03-03 16:03:45,284 - werkzeug - INFO -  * Debugger PIN: 133-895-586
2026-03-03 16:03:45,287 - werkzeug - INFO -  * Debugger PIN: 133-895-586
2026-03-03 16:04:27,512 - werkzeug - INFO - 127.0.0.1 - - [03/Mar/2026 16:04:27] "[36mGET / HTTP/1.1[0m" 304 -
2026-03-03 16:04:27,532 - werkzeug - INFO - 127.0.0.1 - - [03/Mar/2026 16:04:27] "[36mGET /static/styles.css HTTP/1.1[0m" 304 -
2026-03-03 16:04:27,772 - werkzeug - INFO - 127.0.0.1 - - [03/Mar/2026 16:04:27] "GET /static/script.js HTTP/1.1" 200 -
2026-03-03 16:04:28,097 - werkzeug - INFO - 127.0.0.1 - - [03/Mar/2026 16:04:28] "GET /api/aircraft_types HTTP/1.1" 200 -
2026-03-03 16:04:28,107 - werkzeug - INFO - 127.0.0.1 - - [03/Mar/2026 16:04:28] "[36mGET /airports/russian_civil_airports.json HTTP/1.1[0m" 304 -
2026-03-03 16:04:28,115 - werkzeug - INFO - 127.0.0.1 - - [03/Mar/2026 16:04:28] "GET /api/waypoints HTTP/1.1" 200 -
2026-03-03 16:04:50,135 - werkzeug - INFO - 127.0.0.1 - - [03/Mar/2026 16:04:50] "POST /api/optimize HTTP/1.1" 200 -
2026-03-03 16:04:50,465 - werkzeug - INFO - 127.0.0.1 - - [03/Mar/2026 16:04:50] "GET /weather/weather_data.json?t=1772543090154 HTTP/1.1" 200 -
2026-03-03 16:08:07,277 - werkzeug - INFO - 127.0.0.1 - - [03/Mar/2026 16:08:07] "[36mGET / HTTP/1.1[0m" 304 -
2026-03-03 16:08:07,540 - werkzeug - INFO - 127.0.0.1 - - [03/Mar/2026 16:08:07] "[36mGET /static/styles.css HTTP/1.1[0m" 304 -
2026-03-03 16:08:07,620 - werkzeug - INFO - 127.0.0.1 - - [03/Mar/2026 16:08:07] "GET /static/script.js HTTP/1.1" 200 -
2026-03-03 16:08:07,644 - werkzeug - INFO - 127.0.0.1 - - [03/Mar/2026 16:08:07] "GET /api/waypoints HTTP/1.1" 200 -
2026-03-03 16:08:07,943 - werkzeug - INFO - 127.0.0.1 - - [03/Mar/2026 16:08:07] "GET /api/aircraft_types HTTP/1.1" 200 -
2026-03-03 16:08:07,944 - werkzeug - INFO - 127.0.0.1 - - [03/Mar/2026 16:08:07] "[36mGET /airports/russian_civil_airports.json HTTP/1.1[0m" 304 -
2026-03-03 16:08:07,989 - werkzeug - INFO - 127.0.0.1 - - [03/Mar/2026 16:08:07] "[36mGET /static/favicon.ico HTTP/1.1[0m" 304 -
2026-03-03 16:08:14,501 - werkzeug - INFO - 127.0.0.1 - - [03/Mar/2026 16:08:14] "POST /api/optimize HTTP/1.1" 200 -
2026-03-03 16:08:14,510 - werkzeug - INFO - 127.0.0.1 - - [03/Mar/2026 16:08:14] "GET /weather/weather_data.json?t=1772543294508 HTTP/1.1" 200 -
2026-03-03 16:08:36,610 - werkzeug - INFO - 127.0.0.1 - - [03/Mar/2026 16:08:36] "[36mGET / HTTP/1.1[0m" 304 -
2026-03-03 16:08:36,857 - werkzeug - INFO - 127.0.0.1 - - [03/Mar/2026 16:08:36] "[36mGET /static/styles.css HTTP/1.1[0m" 304 -
2026-03-03 16:08:36,964 - werkzeug - INFO - 127.0.0.1 - - [03/Mar/2026 16:08:36] "[36mGET /static/script.js HTTP/1.1[0m" 304 -
2026-03-03 16:08:36,988 - werkzeug - INFO - 127.0.0.1 - - [03/Mar/2026 16:08:36] "GET /api/waypoints HTTP/1.1" 200 -
2026-03-03 16:08:37,287 - werkzeug - INFO - 127.0.0.1 - - [03/Mar/2026 16:08:37] "GET /api/aircraft_types HTTP/1.1" 200 -
2026-03-03 16:08:37,287 - werkzeug - INFO - 127.0.0.1 - - [03/Mar/2026 16:08:37] "[36mGET /airports/russian_civil_airports.json HTTP/1.1[0m" 304 -
2026-03-03 16:08:37,318 - werkzeug - INFO - 127.0.0.1 - - [03/Mar/2026 16:08:37] "[36mGET /static/favicon.ico HTTP/1.1[0m" 304 -
2026-03-03 16:08:43,668 - werkzeug - INFO - 127.0.0.1 - - [03/Mar/2026 16:08:43] "POST /api/optimize HTTP/1.1" 200 -
2026-03-03 16:08:43,676 - werkzeug - INFO - 127.0.0.1 - - [03/Mar/2026 16:08:43] "GET /weather/weather_data.json?t=1772543323674 HTTP/1.1" 200 -
2026-03-03 16:09:22,209 - werkzeug - INFO - 127.0.0.1 - - [03/Mar/2026 16:09:22] "[36mGET / HTTP/1.1[0m" 304 -
2026-03-03 16:09:22,469 - werkzeug - INFO - 127.0.0.1 - - [03/Mar/2026 16:09:22] "[36mGET /static/styles.css HTTP/1.1[0m" 304 -
2026-03-03 16:09:22,547 - werkzeug - INFO - 127.0.0.1 - - [03/Mar/2026 16:09:22] "[36mGET /static/script.js HTTP/1.1[0m" 304 -
2026-03-03 16:09:22,571 - werkzeug - INFO - 127.0.0.1 - - [03/Mar/2026 16:09:22] "GET /api/waypoints HTTP/1.1" 200 -
2026-03-03 16:09:22,871 - werkzeug - INFO - 127.0.0.1 - - [03/Mar/2026 16:09:22] "GET /api/aircraft_types HTTP/1.1" 200 -
2026-03-03 16:09:22,872 - werkzeug - INFO - 127.0.0.1 - - [03/Mar/2026 16:09:22] "[36mGET /airports/russian_civil_airports.json HTTP/1.1[0m" 304 -
2026-03-03 16:09:22,888 - werkzeug - INFO - 127.0.0.1 - - [03/Mar/2026 16:09:22] "[36mGET /static/favicon.ico HTTP/1.1[0m" 304 -
2026-03-03 16:09:32,825 - werkzeug - INFO - 127.0.0.1 - - [03/Mar/2026 16:09:32] "POST /api/optimize HTTP/1.1" 200 -
2026-03-03 16:09:32,833 - werkzeug - INFO - 127.0.0.1 - - [03/Mar/2026 16:09:32] "GET /weather/weather_data.json?t=1772543372831 HTTP/1.1" 200 -
2026-03-03 16:10:21,178 - werkzeug - INFO - 127.0.0.1 - - [03/Mar/2026 16:10:21] "[36mGET / HTTP/1.1[0m" 304 -
2026-03-03 16:10:21,428 - werkzeug - INFO - 127.0.0.1 - - [03/Mar/2026 16:10:21] "[36mGET /static/styles.css HTTP/1.1[0m" 304 -
2026-03-03 16:10:21,520 - werkzeug - INFO - 127.0.0.1 - - [03/Mar/2026 16:10:21] "[36mGET /static/script.js HTTP/1.1[0m" 304 -
2026-03-03 16:10:21,544 - werkzeug - INFO - 127.0.0.1 - - [03/Mar/2026 16:10:21] "GET /api/waypoints HTTP/1.1" 200 -
2026-03-03 16:10:21,846 - werkzeug - INFO - 127.0.0.1 - - [03/Mar/2026 16:10:21] "GET /api/aircraft_types HTTP/1.1" 200 -
2026-03-03 16:10:21,847 - werkzeug - INFO - 127.0.0.1 - - [03/Mar/2026 16:10:21] "[36mGET /airports/russian_civil_airports.json HTTP/1.1[0m" 304 -
2026-03-03 16:10:21,849 - werkzeug - INFO - 127.0.0.1 - - [03/Mar/2026 16:10:21] "[36mGET /static/favicon.ico HTTP/1.1[0m" 304 -
2026-03-03 16:10:33,381 - werkzeug - INFO - 127.0.0.1 - - [03/Mar/2026 16:10:33] "POST /api/optimize HTTP/1.1" 200 -
2026-03-03 16:10:33,391 - werkzeug - INFO - 127.0.0.1 - - [03/Mar/2026 16:10:33] "GET /weather/weather_data.json?t=1772543433388 HTTP/1.1" 200 -
2026-03-03 16:10:42,784 - werkzeug - INFO - 127.0.0.1 - - [03/Mar/2026 16:10:42] "[36mGET / HTTP/1.1[0m" 304 -
2026-03-03 16:10:43,031 - werkzeug - INFO - 127.0.0.1 - - [03/Mar/2026 16:10:43] "[36mGET /static/styles.css HTTP/1.1[0m" 304 -
2026-03-03 16:10:43,139 - werkzeug - INFO - 127.0.0.1 - - [03/Mar/2026 16:10:43] "[36mGET /static/script.js HTTP/1.1[0m" 304 -
2026-03-03 16:10:43,162 - werkzeug - INFO - 127.0.0.1 - - [03/Mar/2026 16:10:43] "GET /api/waypoints HTTP/1.1" 200 -
2026-03-03 16:10:43,465 - werkzeug - INFO - 127.0.0.1 - - [03/Mar/2026 16:10:43] "GET /api/aircraft_types HTTP/1.1" 200 -
2026-03-03 16:10:43,465 - werkzeug - INFO - 127.0.0.1 - - [03/Mar/2026 16:10:43] "[36mGET /airports/russian_civil_airports.json HTTP/1.1[0m" 304 -
2026-03-03 16:10:43,467 - werkzeug - INFO - 127.0.0.1 - - [03/Mar/2026 16:10:43] "[36mGET /static/favicon.ico HTTP/1.1[0m" 304 -
2026-03-03 16:10:53,091 - werkzeug - INFO - 127.0.0.1 - - [03/Mar/2026 16:10:53] "POST /api/optimize HTTP/1.1" 200 -
2026-03-03 16:10:53,100 - werkzeug - INFO - 127.0.0.1 - - [03/Mar/2026 16:10:53] "GET /weather/weather_data.json?t=1772543453098 HTTP/1.1" 200 -
2026-03-03 16:16:05,624 - werkzeug - INFO -  * Detected change in 'C:\\Users\\RichelieuGVG\\Desktop\\diploma\\flightplanner\\agent\\the_two_planes.py', reloading
2026-03-03 16:16:05,624 - werkzeug - INFO -  * Detected change in 'C:\\Users\\RichelieuGVG\\Desktop\\diploma\\flightplanner\\agent\\the_two_planes.py', reloading
2026-03-03 16:16:05,625 - werkzeug - INFO -  * Detected change in 'C:\\Users\\RichelieuGVG\\Desktop\\diploma\\flightplanner\\agent\\the_two_planes.py', reloading
2026-03-03 16:16:05,626 - werkzeug - INFO -  * Detected change in 'C:\\Users\\RichelieuGVG\\Desktop\\diploma\\flightplanner\\agent\\the_two_planes.py', reloading
2026-03-03 16:16:05,627 - werkzeug - INFO -  * Detected change in 'C:\\Users\\RichelieuGVG\\Desktop\\diploma\\flightplanner\\agent\\the_two_planes.py', reloading
2026-03-03 16:16:05,627 - werkzeug - INFO -  * Detected change in 'C:\\Users\\RichelieuGVG\\Desktop\\diploma\\flightplanner\\agent\\the_two_planes.py', reloading
2026-03-03 16:16:06,682 - werkzeug - INFO -  * Restarting with watchdog (windowsapi)
2026-03-03 16:16:06,711 - werkzeug - INFO -  * Restarting with watchdog (windowsapi)
2026-03-03 16:16:07,505 - werkzeug - WARNING -  * Debugger is active!
2026-03-03 16:16:07,523 - werkzeug - INFO -  * Debugger PIN: 133-895-586
2026-03-03 16:16:07,524 - werkzeug - INFO -  * Debugger PIN: 133-895-586
2026-03-03 16:16:07,524 - werkzeug - INFO -  * Debugger PIN: 133-895-586
2026-03-03 16:16:07,525 - werkzeug - INFO -  * Debugger PIN: 133-895-586
2026-03-03 16:18:03,441 - werkzeug - INFO - 127.0.0.1 - - [03/Mar/2026 16:18:03] "[36mGET / HTTP/1.1[0m" 304 -
2026-03-03 16:18:03,686 - werkzeug - INFO - 127.0.0.1 - - [03/Mar/2026 16:18:03] "[36mGET /static/styles.css HTTP/1.1[0m" 304 -
2026-03-03 16:18:03,780 - werkzeug - INFO - 127.0.0.1 - - [03/Mar/2026 16:18:03] "[36mGET /static/script.js HTTP/1.1[0m" 304 -
2026-03-03 16:18:03,809 - werkzeug - INFO - 127.0.0.1 - - [03/Mar/2026 16:18:03] "GET /api/waypoints HTTP/1.1" 200 -
2026-03-03 16:18:04,106 - werkzeug - INFO - 127.0.0.1 - - [03/Mar/2026 16:18:04] "GET /api/aircraft_types HTTP/1.1" 200 -
2026-03-03 16:18:04,107 - werkzeug - INFO - 127.0.0.1 - - [03/Mar/2026 16:18:04] "[36mGET /airports/russian_civil_airports.json HTTP/1.1[0m" 304 -
2026-03-03 16:18:04,168 - werkzeug - INFO - 127.0.0.1 - - [03/Mar/2026 16:18:04] "[36mGET /static/favicon.ico HTTP/1.1[0m" 304 -
2026-03-03 16:18:10,871 - werkzeug - INFO - 127.0.0.1 - - [03/Mar/2026 16:18:10] "POST /api/optimize HTTP/1.1" 200 -
2026-03-03 16:18:10,881 - werkzeug - INFO - 127.0.0.1 - - [03/Mar/2026 16:18:10] "GET /weather/weather_data.json?t=1772543890878 HTTP/1.1" 200 -
2026-03-03 16:19:38,308 - werkzeug - INFO - 127.0.0.1 - - [03/Mar/2026 16:19:38] "[36mGET / HTTP/1.1[0m" 304 -
2026-03-03 16:19:38,551 - werkzeug - INFO - 127.0.0.1 - - [03/Mar/2026 16:19:38] "[36mGET /static/styles.css HTTP/1.1[0m" 304 -
2026-03-03 16:19:38,659 - werkzeug - INFO - 127.0.0.1 - - [03/Mar/2026 16:19:38] "[36mGET /static/script.js HTTP/1.1[0m" 304 -
2026-03-03 16:19:38,683 - werkzeug - INFO - 127.0.0.1 - - [03/Mar/2026 16:19:38] "GET /api/waypoints HTTP/1.1" 200 -
2026-03-03 16:19:38,983 - werkzeug - INFO - 127.0.0.1 - - [03/Mar/2026 16:19:38] "[36mGET /airports/russian_civil_airports.json HTTP/1.1[0m" 304 -
2026-03-03 16:19:38,984 - werkzeug - INFO - 127.0.0.1 - - [03/Mar/2026 16:19:38] "GET /api/aircraft_types HTTP/1.1" 200 -
2026-03-03 16:19:39,028 - werkzeug - INFO - 127.0.0.1 - - [03/Mar/2026 16:19:39] "[36mGET /static/favicon.ico HTTP/1.1[0m" 304 -
2026-03-03 16:19:46,683 - werkzeug - INFO - 127.0.0.1 - - [03/Mar/2026 16:19:46] "POST /api/optimize HTTP/1.1" 200 -
2026-03-03 16:19:46,694 - werkzeug - INFO - 127.0.0.1 - - [03/Mar/2026 16:19:46] "GET /weather/weather_data.json?t=1772543986691 HTTP/1.1" 200 -
2026-03-03 16:19:52,668 - werkzeug - INFO - 127.0.0.1 - - [03/Mar/2026 16:19:52] "[36mGET / HTTP/1.1[0m" 304 -
2026-03-03 16:19:52,930 - werkzeug - INFO - 127.0.0.1 - - [03/Mar/2026 16:19:52] "[36mGET /static/styles.css HTTP/1.1[0m" 304 -
2026-03-03 16:19:53,007 - werkzeug - INFO - 127.0.0.1 - - [03/Mar/2026 16:19:53] "[36mGET /static/script.js HTTP/1.1[0m" 304 -
2026-03-03 16:19:53,028 - werkzeug - INFO - 127.0.0.1 - - [03/Mar/2026 16:19:53] "GET /api/waypoints HTTP/1.1" 200 -
2026-03-03 16:19:53,328 - werkzeug - INFO - 127.0.0.1 - - [03/Mar/2026 16:19:53] "GET /api/aircraft_types HTTP/1.1" 200 -
2026-03-03 16:19:53,328 - werkzeug - INFO - 127.0.0.1 - - [03/Mar/2026 16:19:53] "[36mGET /airports/russian_civil_airports.json HTTP/1.1[0m" 304 -
2026-03-03 16:19:53,373 - werkzeug - INFO - 127.0.0.1 - - [03/Mar/2026 16:19:53] "[36mGET /static/favicon.ico HTTP/1.1[0m" 304 -
2026-03-03 16:20:13,086 - werkzeug - INFO - 127.0.0.1 - - [03/Mar/2026 16:20:13] "[36mGET / HTTP/1.1[0m" 304 -
2026-03-03 16:20:13,333 - werkzeug - INFO - 127.0.0.1 - - [03/Mar/2026 16:20:13] "[36mGET /static/styles.css HTTP/1.1[0m" 304 -
2026-03-03 16:20:13,409 - werkzeug - INFO - 127.0.0.1 - - [03/Mar/2026 16:20:13] "[36mGET /static/script.js HTTP/1.1[0m" 304 -
2026-03-03 16:20:13,431 - werkzeug - INFO - 127.0.0.1 - - [03/Mar/2026 16:20:13] "GET /api/waypoints HTTP/1.1" 200 -
2026-03-03 16:20:13,730 - werkzeug - INFO - 127.0.0.1 - - [03/Mar/2026 16:20:13] "GET /api/aircraft_types HTTP/1.1" 200 -
2026-03-03 16:20:13,731 - werkzeug - INFO - 127.0.0.1 - - [03/Mar/2026 16:20:13] "[36mGET /airports/russian_civil_airports.json HTTP/1.1[0m" 304 -
2026-03-03 16:20:13,748 - werkzeug - INFO - 127.0.0.1 - - [03/Mar/2026 16:20:13] "[36mGET /static/favicon.ico HTTP/1.1[0m" 304 -
2026-03-03 16:20:29,066 - werkzeug - INFO - 127.0.0.1 - - [03/Mar/2026 16:20:29] "POST /api/optimize HTTP/1.1" 200 -
2026-03-03 16:20:29,075 - werkzeug - INFO - 127.0.0.1 - - [03/Mar/2026 16:20:29] "GET /weather/weather_data.json?t=1772544029072 HTTP/1.1" 200 -
2026-03-03 16:20:33,526 - werkzeug - INFO - 127.0.0.1 - - [03/Mar/2026 16:20:33] "[36mGET / HTTP/1.1[0m" 304 -
2026-03-03 16:20:33,790 - werkzeug - INFO - 127.0.0.1 - - [03/Mar/2026 16:20:33] "[36mGET /static/styles.css HTTP/1.1[0m" 304 -
2026-03-03 16:20:33,867 - werkzeug - INFO - 127.0.0.1 - - [03/Mar/2026 16:20:33] "[36mGET /static/script.js HTTP/1.1[0m" 304 -
2026-03-03 16:20:33,888 - werkzeug - INFO - 127.0.0.1 - - [03/Mar/2026 16:20:33] "GET /api/waypoints HTTP/1.1" 200 -
2026-03-03 16:20:34,191 - werkzeug - INFO - 127.0.0.1 - - [03/Mar/2026 16:20:34] "GET /api/aircraft_types HTTP/1.1" 200 -
2026-03-03 16:20:34,192 - werkzeug - INFO - 127.0.0.1 - - [03/Mar/2026 16:20:34] "[36mGET /airports/russian_civil_airports.json HTTP/1.1[0m" 304 -
2026-03-03 16:20:34,195 - werkzeug - INFO - 127.0.0.1 - - [03/Mar/2026 16:20:34] "[36mGET /static/favicon.ico HTTP/1.1[0m" 304 -
2026-03-03 16:20:46,273 - werkzeug - INFO - 127.0.0.1 - - [03/Mar/2026 16:20:46] "POST /api/optimize HTTP/1.1" 200 -
2026-03-03 16:20:46,285 - werkzeug - INFO - 127.0.0.1 - - [03/Mar/2026 16:20:46] "GET /weather/weather_data.json?t=1772544046281 HTTP/1.1" 200 -
